UnixTime,104,107,10A,10B,10E,110,202
1,静止,静止,静止,静止,静止,静止,上升飞行
2,静止,静止,静止,静止,静止,静止,上升飞行
3,静止,静止,静止,静止,静止,静止,上升飞行
4,静止,静止,静止,静止,静止,静止,上升飞行
5,静止,静止,静止,静止,静止,静止,上升飞行
6,静止,静止,静止,静止,静止,静止,上升飞行
7,静止,静止,静止,静止,静止,静止,平飞
8,静止,静止,静止,静止,静止,静止,平飞
9,静止,静止,静止,静止,静止,静止,平飞
10,静止,静止,静止,静止,静止,静止,平飞
11,静止,静止,静止,静止,静止,静止,平飞
12,静止,静止,静止,静止,静止,静止,平飞
13,静止,静止,静止,静止,静止,静止,平飞
14,静止,静止,静止,静止,静止,静止,平飞
15,静止,静止,静止,静止,静止,静止,平飞
16,静止,静止,静止,静止,静止,静止,平飞
17,静止,静止,静止,静止,静止,静止,平飞
18,静止,静止,静止,静止,静止,静止,平飞
19,静止,静止,静止,静止,静止,静止,平飞
20,静止,静止,静止,静止,静止,静止,平飞
21,静止,静止,静止,静止,静止,静止,平飞
22,静止,静止,静止,静止,静止,静止,平飞
23,静止,静止,静止,静止,静止,静止,平飞
24,静止,静止,静止,静止,静止,静止,平飞
25,静止,静止,静止,静止,静止,静止,平飞
26,静止,静止,静止,静止,静止,静止,平飞
27,静止,静止,静止,静止,静止,静止,平飞
28,静止,静止,静止,静止,静止,静止,平飞
29,静止,静止,静止,静止,静止,静止,平飞
30,静止,静止,静止,静止,静止,静止,平飞
31,静止,静止,静止,静止,静止,静止,平飞
32,静止,静止,静止,静止,静止,静止,平飞
33,静止,静止,静止,静止,静止,静止,平飞
34,静止,静止,静止,静止,静止,静止,平飞
35,静止,静止,静止,静止,静止,静止,平飞
36,静止,静止,静止,静止,静止,静止,平飞
37,静止,静止,静止,静止,静止,静止,平飞
38,静止,静止,静止,静止,静止,静止,平飞
39,静止,静止,静止,静止,静止,静止,平飞
40,静止,静止,静止,静止,静止,静止,平飞
41,静止,静止,静止,静止,静止,静止,平飞
42,静止,静止,静止,静止,静止,静止,平飞
43,静止,静止,静止,静止,静止,静止,平飞
44,静止,静止,静止,静止,静止,静止,平飞
45,静止,静止,静止,静止,静止,静止,平飞
46,静止,静止,静止,静止,静止,静止,平飞
47,静止,静止,静止,静止,静止,静止,平飞
48,静止,静止,静止,静止,静止,静止,平飞
49,静止,静止,静止,静止,静止,静止,平飞
50,静止,静止,静止,静止,静止,静止,平飞
51,静止,静止,静止,静止,静止,静止,平飞
52,静止,静止,静止,静止,静止,静止,平飞
53,静止,静止,平飞,静止,静止,静止,平飞
54,静止,静止,平飞,静止,静止,静止,平飞
55,静止,静止,平飞,静止,静止,静止,平飞
56,静止,静止,平飞,静止,静止,静止,平飞
57,静止,静止,平飞,静止,静止,静止,平飞
58,静止,静止,平飞,静止,静止,静止,平飞
59,静止,静止,平飞,静止,静止,静止,平飞
60,静止,静止,平飞,静止,静止,静止,平飞
61,静止,静止,平飞,静止,静止,静止,平飞
62,静止,静止,平飞,静止,静止,静止,平飞
63,静止,静止,平飞,静止,静止,静止,平飞
64,静止,静止,平飞,静止,静止,静止,平飞
65,静止,静止,平飞,静止,静止,静止,平飞
66,静止,静止,平飞,静止,静止,静止,平飞
67,静止,静止,平飞,静止,静止,静止,平飞
68,静止,静止,平飞,静止,静止,静止,平飞
69,静止,静止,平飞,静止,静止,静止,平飞
70,静止,静止,平飞,静止,静止,静止,平飞
71,静止,静止,平飞,静止,静止,静止,平飞
72,静止,静止,平飞,静止,静止,静止,平飞
73,静止,静止,平飞,静止,静止,静止,平飞
74,静止,静止,平飞,静止,静止,静止,平飞
75,静止,静止,平飞,静止,静止,静止,平飞
76,静止,静止,平飞,静止,静止,静止,平飞
77,静止,静止,平飞,静止,静止,静止,平飞
78,静止,静止,平飞,静止,静止,静止,平飞
79,静止,平飞,平飞,静止,静止,静止,平飞
80,静止,平飞,平飞,静止,静止,静止,平飞
81,静止,平飞,平飞,静止,静止,静止,平飞
82,静止,平飞,平飞,静止,静止,静止,平飞
83,静止,平飞,平飞,静止,静止,静止,平飞
84,静止,平飞,平飞,静止,静止,静止,平飞
85,静止,平飞,平飞,静止,静止,静止,平飞
86,静止,平飞,平飞,静止,静止,静止,平飞
87,静止,平飞,平飞,静止,静止,静止,平飞
88,静止,平飞,平飞,静止,静止,静止,平飞
89,静止,平飞,平飞,静止,静止,静止,平飞
90,静止,平飞,平飞,静止,静止,静止,平飞
91,静止,平飞,平飞,静止,静止,静止,平飞
92,静止,平飞,平飞,静止,静止,静止,平飞
93,静止,平飞,平飞,静止,静止,静止,平飞
94,静止,平飞,平飞,静止,静止,静止,平飞
95,静止,平飞,平飞,静止,静止,静止,平飞
96,静止,平飞,平飞,静止,静止,静止,平飞
97,静止,平飞,平飞,静止,静止,静止,平飞
98,静止,平飞,平飞,静止,静止,静止,平飞
99,静止,平飞,平飞,静止,静止,静止,平飞
100,静止,平飞,平飞,静止,静止,静止,平飞
101,静止,平飞,平飞,静止,静止,静止,平飞
102,静止,平飞,平飞,静止,静止,静止,平飞
103,静止,平飞,平飞,静止,静止,静止,平飞
104,静止,平飞,平飞,静止,静止,静止,平飞
105,静止,平飞,平飞,静止,静止,静止,平飞
106,静止,平飞,平飞,静止,静止,静止,平飞
107,静止,平飞,平飞,静止,静止,静止,平飞
108,静止,平飞,平飞,静止,静止,静止,平飞
109,静止,平飞,平飞,静止,静止,静止,平飞
110,静止,平飞,平飞,静止,静止,静止,平飞
111,静止,平飞,平飞,静止,静止,静止,平飞
112,静止,平飞,平飞,静止,静止,静止,平飞
113,静止,平飞,平飞,静止,静止,静止,平飞
114,静止,平飞,平飞,静止,静止,静止,平飞
115,静止,平飞,平飞,静止,静止,静止,平飞
116,静止,平飞,平飞,静止,静止,静止,平飞
117,静止,平飞,平飞,静止,静止,静止,平飞
118,静止,平飞,平飞,静止,静止,静止,平飞
119,静止,平飞,平飞,静止,静止,静止,平飞
120,静止,平飞,平飞,平飞,静止,静止,平飞
121,静止,平飞,平飞,平飞,静止,静止,平飞
122,静止,平飞,平飞,平飞,静止,静止,平飞
123,静止,平飞,平飞,平飞,静止,静止,平飞
124,静止,平飞,平飞,平飞,静止,静止,平飞
125,静止,平飞,平飞,平飞,静止,静止,平飞
126,静止,平飞,平飞,平飞,静止,静止,平飞
127,静止,平飞,平飞,平飞,静止,静止,平飞
128,静止,平飞,平飞,平飞,静止,静止,平飞
129,静止,平飞,平飞,平飞,静止,静止,平飞
130,静止,平飞,平飞,平飞,静止,静止,平飞
131,静止,平飞,平飞,平飞,静止,静止,平飞
132,静止,平飞,平飞,平飞,静止,静止,平飞
133,静止,平飞,平飞,平飞,静止,静止,平飞
134,静止,平飞,平飞,平飞,静止,静止,平飞
135,静止,平飞,平飞,平飞,静止,静止,平飞
136,静止,平飞,平飞,平飞,静止,静止,平飞
137,静止,平飞,平飞,平飞,静止,静止,平飞
138,静止,平飞,平飞,平飞,静止,静止,平飞
139,静止,平飞,平飞,平飞,静止,静止,平飞
140,静止,平飞,平飞,平飞,静止,静止,平飞
141,静止,平飞,平飞,平飞,静止,静止,平飞
142,静止,平飞,平飞,平飞,静止,静止,平飞
143,静止,平飞,平飞,平飞,静止,静止,平飞
144,静止,平飞,平飞,平飞,静止,静止,平飞
145,静止,平飞,平飞,平飞,静止,静止,平飞
146,静止,平飞,平飞,平飞,静止,静止,平飞
147,静止,平飞,平飞,平飞,静止,静止,平飞
148,静止,平飞,平飞,平飞,静止,静止,平飞
149,静止,平飞,平飞,平飞,静止,静止,平飞
150,静止,平飞,平飞,平飞,静止,静止,平飞
151,静止,平飞,平飞,平飞,静止,静止,平飞
152,静止,平飞,平飞,平飞,静止,静止,平飞
153,静止,平飞,平飞,平飞,静止,静止,平飞
154,静止,平飞,平飞,平飞,静止,静止,平飞
155,静止,平飞,平飞,平飞,静止,静止,平飞
156,静止,平飞,平飞,平飞,静止,静止,平飞
157,静止,平飞,平飞,平飞,静止,静止,平飞
158,静止,平飞,平飞,平飞,静止,静止,平飞
159,静止,平飞,平飞,平飞,静止,静止,平飞
160,静止,平飞,平飞,平飞,静止,静止,平飞
161,静止,平飞,平飞,平飞,静止,静止,平飞
162,静止,平飞,平飞,平飞,静止,静止,平飞
163,静止,平飞,平飞,平飞,静止,静止,平飞
164,静止,平飞,平飞,平飞,静止,静止,平飞
165,静止,平飞,平飞,平飞,静止,静止,平飞
166,静止,平飞,平飞,平飞,静止,静止,平飞
167,静止,平飞,平飞,平飞,静止,静止,平飞
168,静止,平飞,平飞,平飞,静止,静止,平飞
169,静止,平飞,平飞,平飞,静止,静止,平飞
170,静止,平飞,平飞,平飞,静止,静止,平飞
171,静止,平飞,平飞,平飞,静止,静止,平飞
172,静止,平飞,平飞,平飞,静止,静止,平飞
173,静止,平飞,平飞,平飞,静止,静止,平飞
174,静止,平飞,平飞,平飞,静止,静止,平飞
175,静止,平飞,平飞,平飞,静止,静止,平飞
176,静止,平飞,平飞,平飞,静止,静止,平飞
177,静止,平飞,平飞,平飞,静止,静止,平飞
178,静止,平飞,平飞,平飞,静止,静止,平飞
179,静止,平飞,平飞,平飞,静止,静止,平飞
180,静止,平飞,平飞,平飞,静止,静止,平飞
181,静止,平飞,平飞,平飞,静止,静止,平飞
182,静止,平飞,平飞,平飞,静止,静止,平飞
183,静止,平飞,平飞,平飞,静止,静止,平飞
184,静止,平飞,平飞,平飞,静止,静止,平飞
185,静止,平飞,平飞,平飞,静止,静止,平飞
186,静止,平飞,平飞,平飞,静止,静止,平飞
187,静止,平飞,平飞,平飞,静止,静止,平飞
188,静止,平飞,平飞,平飞,静止,静止,平飞
189,静止,平飞,平飞,平飞,静止,静止,平飞
190,静止,平飞,平飞,平飞,静止,静止,平飞
191,静止,平飞,平飞,平飞,静止,静止,平飞
192,静止,平飞,平飞,平飞,静止,静止,平飞
193,静止,平飞,平飞,平飞,静止,静止,平飞
194,静止,平飞,平飞,平飞,静止,静止,平飞
195,静止,平飞,平飞,平飞,静止,静止,平飞
196,静止,平飞,平飞,平飞,静止,静止,平飞
197,静止,平飞,平飞,平飞,静止,静止,平飞
198,静止,平飞,平飞,平飞,静止,静止,平飞
199,静止,平飞,平飞,平飞,静止,静止,平飞
200,静止,平飞,平飞,平飞,静止,静止,平飞
201,静止,平飞,平飞,平飞,静止,静止,平飞
202,静止,平飞,平飞,平飞,静止,静止,平飞
203,静止,平飞,平飞,平飞,静止,静止,平飞
204,静止,平飞,平飞,平飞,静止,静止,平飞
205,静止,平飞,平飞,平飞,静止,静止,平飞
206,静止,平飞,平飞,平飞,静止,静止,平飞
207,静止,平飞,平飞,平飞,静止,静止,平飞
208,静止,平飞,平飞,平飞,静止,静止,平飞
209,静止,平飞,平飞,平飞,静止,静止,平飞
210,静止,平飞,平飞,平飞,静止,静止,平飞
211,静止,平飞,平飞,平飞,静止,静止,平飞
212,静止,平飞,平飞,平飞,静止,静止,平飞
213,静止,平飞,平飞,平飞,静止,静止,平飞
214,静止,平飞,平飞,平飞,静止,静止,平飞
215,静止,平飞,平飞,平飞,静止,静止,平飞
216,静止,平飞,平飞,平飞,静止,静止,平飞
217,静止,平飞,平飞,平飞,静止,静止,平飞
218,静止,平飞,平飞,平飞,静止,静止,平飞
219,静止,平飞,平飞,平飞,静止,静止,平飞
220,静止,平飞,平飞,平飞,静止,静止,平飞
221,静止,平飞,平飞,平飞,静止,静止,平飞
222,静止,平飞,平飞,平飞,静止,静止,平飞
223,静止,平飞,平飞,平飞,静止,静止,平飞
224,静止,平飞,平飞,平飞,静止,静止,平飞
225,静止,平飞,平飞,平飞,静止,静止,平飞
226,静止,平飞,平飞,平飞,静止,静止,平飞
227,静止,平飞,平飞,平飞,静止,静止,平飞
228,静止,平飞,平飞,平飞,静止,静止,平飞
229,静止,平飞,平飞,平飞,静止,静止,平飞
230,静止,平飞,平飞,平飞,静止,静止,平飞
231,静止,平飞,平飞,平飞,静止,静止,平飞
232,静止,平飞,平飞,平飞,静止,静止,平飞
233,静止,平飞,平飞,平飞,静止,静止,平飞
234,静止,平飞,平飞,平飞,静止,静止,平飞
235,静止,平飞,平飞,平飞,静止,静止,平飞
236,静止,平飞,平飞,平飞,静止,静止,平飞
237,静止,平飞,平飞,平飞,静止,静止,平飞
238,静止,平飞,平飞,平飞,静止,静止,平飞
239,静止,平飞,平飞,平飞,静止,静止,平飞
240,静止,平飞,平飞,平飞,静止,静止,平飞
241,静止,平飞,平飞,平飞,静止,静止,平飞
242,静止,平飞,平飞,平飞,静止,静止,平飞
243,静止,平飞,平飞,平飞,静止,静止,平飞
244,静止,平飞,平飞,平飞,静止,静止,平飞
245,静止,平飞,平飞,平飞,静止,静止,平飞
246,静止,平飞,平飞,平飞,静止,静止,平飞
247,静止,平飞,平飞,平飞,静止,静止,平飞
248,静止,平飞,平飞,平飞,静止,静止,平飞
249,静止,平飞,平飞,平飞,静止,静止,平飞
250,静止,平飞,平飞,平飞,静止,静止,平飞
251,静止,平飞,平飞,平飞,静止,静止,平飞
252,静止,平飞,平飞,平飞,静止,静止,平飞
253,静止,平飞,平飞,平飞,静止,静止,平飞
254,静止,平飞,平飞,平飞,静止,静止,平飞
255,静止,平飞,平飞,平飞,静止,静止,平飞
256,静止,平飞,平飞,平飞,静止,静止,平飞
257,静止,平飞,平飞,平飞,静止,静止,平飞
258,静止,平飞,平飞,平飞,静止,静止,平飞
259,静止,平飞,平飞,平飞,静止,静止,平飞
260,静止,平飞,平飞,平飞,静止,静止,平飞
261,静止,平飞,平飞,平飞,静止,静止,平飞
262,静止,平飞,平飞,平飞,静止,静止,平飞
263,静止,平飞,平飞,平飞,静止,静止,平飞
264,静止,平飞,平飞,平飞,静止,静止,平飞
265,静止,平飞,平飞,平飞,静止,静止,平飞
266,静止,平飞,平飞,平飞,静止,静止,平飞
267,静止,平飞,平飞,平飞,静止,静止,平飞
268,静止,平飞,平飞,平飞,静止,静止,平飞
269,静止,平飞,平飞,平飞,静止,静止,平飞
270,静止,平飞,平飞,平飞,静止,静止,平飞
271,静止,平飞,平飞,平飞,静止,静止,平飞
272,静止,平飞,平飞,平飞,静止,静止,平飞
273,静止,平飞,平飞,平飞,静止,静止,平飞
274,静止,平飞,平飞,平飞,静止,静止,平飞
275,静止,平飞,平飞,平飞,静止,静止,平飞
276,静止,平飞,平飞,平飞,静止,静止,平飞
277,静止,平飞,平飞,平飞,静止,静止,平飞
278,静止,平飞,平飞,平飞,静止,静止,平飞
279,静止,平飞,平飞,平飞,静止,静止,平飞
280,静止,平飞,平飞,平飞,静止,静止,平飞
281,静止,平飞,平飞,平飞,静止,静止,平飞
282,静止,平飞,平飞,平飞,静止,静止,平飞
283,静止,平飞,平飞,平飞,静止,静止,平飞
284,上升飞行,平飞,平飞,平飞,静止,静止,平飞
285,平飞,平飞,平飞,平飞,静止,静止,平飞
286,平飞,平飞,平飞,平飞,静止,静止,平飞
287,平飞,平飞,平飞,平飞,静止,静止,平飞
288,平飞,平飞,平飞,平飞,静止,静止,平飞
289,平飞,平飞,平飞,平飞,静止,静止,平飞
290,平飞,平飞,平飞,平飞,静止,静止,平飞
291,平飞,平飞,平飞,平飞,静止,静止,平飞
292,平飞,平飞,平飞,平飞,静止,静止,平飞
293,平飞,平飞,平飞,平飞,静止,静止,平飞
294,平飞,平飞,平飞,平飞,静止,静止,平飞
295,平飞,平飞,平飞,平飞,静止,静止,平飞
296,平飞,平飞,平飞,平飞,静止,静止,平飞
297,平飞,平飞,平飞,平飞,静止,静止,平飞
298,平飞,平飞,平飞,平飞,静止,静止,平飞
299,平飞,平飞,平飞,平飞,静止,静止,平飞
300,平飞,平飞,平飞,平飞,静止,静止,平飞
301,平飞,平飞,平飞,平飞,静止,静止,平飞
302,平飞,平飞,平飞,平飞,静止,静止,平飞
303,平飞,平飞,平飞,平飞,静止,静止,平飞
304,平飞,平飞,平飞,平飞,静止,静止,平飞
305,平飞,平飞,平飞,平飞,静止,静止,平飞
306,平飞,平飞,平飞,平飞,静止,静止,平飞
307,平飞,平飞,平飞,平飞,静止,静止,平飞
308,平飞,平飞,平飞,平飞,静止,静止,平飞
309,平飞,平飞,平飞,平飞,静止,静止,平飞
310,平飞,平飞,平飞,平飞,静止,静止,平飞
311,平飞,平飞,平飞,平飞,静止,静止,平飞
312,平飞,平飞,平飞,平飞,静止,静止,平飞
313,平飞,平飞,平飞,平飞,静止,静止,平飞
314,平飞,平飞,平飞,平飞,静止,静止,平飞
315,平飞,平飞,平飞,平飞,静止,静止,平飞
316,平飞,平飞,平飞,平飞,静止,静止,平飞
317,平飞,平飞,平飞,平飞,静止,静止,平飞
318,平飞,平飞,平飞,平飞,静止,静止,平飞
319,平飞,平飞,平飞,平飞,静止,静止,平飞
320,平飞,平飞,平飞,平飞,静止,静止,平飞
321,平飞,平飞,平飞,平飞,静止,静止,平飞
322,平飞,平飞,平飞,平飞,静止,静止,平飞
323,平飞,平飞,平飞,平飞,静止,静止,平飞
324,平飞,平飞,平飞,平飞,静止,静止,平飞
325,平飞,平飞,平飞,平飞,静止,静止,平飞
326,平飞,平飞,平飞,平飞,静止,静止,平飞
327,平飞,平飞,平飞,平飞,静止,静止,平飞
328,平飞,平飞,平飞,平飞,静止,静止,平飞
329,平飞,平飞,平飞,平飞,静止,静止,平飞
330,平飞,平飞,平飞,平飞,静止,静止,平飞
331,平飞,平飞,平飞,平飞,静止,静止,平飞
332,平飞,平飞,平飞,平飞,静止,静止,平飞
333,平飞,平飞,平飞,平飞,静止,静止,平飞
334,平飞,平飞,平飞,平飞,静止,静止,平飞
335,平飞,平飞,平飞,平飞,静止,静止,平飞
336,平飞,平飞,平飞,平飞,静止,静止,平飞
337,平飞,平飞,平飞,平飞,静止,静止,平飞
338,平飞,平飞,平飞,平飞,静止,静止,平飞
339,平飞,平飞,平飞,平飞,静止,静止,平飞
340,平飞,平飞,平飞,平飞,静止,静止,平飞
341,平飞,平飞,平飞,平飞,静止,静止,平飞
342,平飞,平飞,平飞,平飞,静止,静止,平飞
343,平飞,平飞,平飞,平飞,静止,静止,平飞
344,平飞,平飞,平飞,平飞,静止,静止,平飞
345,平飞,平飞,平飞,平飞,静止,静止,平飞
346,平飞,平飞,平飞,平飞,静止,静止,平飞
347,平飞,平飞,平飞,平飞,静止,静止,平飞
348,平飞,平飞,平飞,平飞,静止,静止,平飞
349,平飞,平飞,平飞,平飞,静止,静止,平飞
350,平飞,平飞,平飞,平飞,静止,静止,平飞
351,平飞,平飞,平飞,平飞,静止,静止,平飞
352,平飞,平飞,平飞,平飞,静止,静止,平飞
353,平飞,平飞,平飞,平飞,静止,静止,平飞
354,平飞,平飞,平飞,平飞,静止,静止,平飞
355,平飞,平飞,平飞,平飞,静止,静止,平飞
356,平飞,平飞,平飞,平飞,静止,静止,平飞
357,平飞,平飞,平飞,平飞,静止,静止,平飞
358,平飞,平飞,平飞,平飞,静止,静止,平飞
359,平飞,平飞,平飞,平飞,静止,静止,平飞
360,平飞,平飞,平飞,平飞,静止,静止,平飞
361,平飞,平飞,平飞,平飞,静止,静止,平飞
362,平飞,平飞,平飞,平飞,静止,静止,平飞
363,平飞,平飞,平飞,平飞,静止,静止,平飞
364,平飞,平飞,平飞,平飞,静止,静止,平飞
365,平飞,平飞,平飞,平飞,静止,静止,平飞
366,平飞,平飞,平飞,平飞,静止,静止,平飞
367,平飞,平飞,平飞,平飞,静止,静止,平飞
368,平飞,平飞,平飞,平飞,静止,静止,平飞
369,平飞,平飞,平飞,平飞,静止,静止,平飞
370,平飞,平飞,平飞,平飞,静止,静止,平飞
371,平飞,平飞,平飞,平飞,静止,静止,平飞
372,平飞,平飞,平飞,平飞,静止,静止,平飞
373,平飞,平飞,平飞,平飞,静止,静止,平飞
374,平飞,平飞,平飞,平飞,静止,静止,平飞
375,平飞,平飞,平飞,平飞,静止,静止,平飞
376,平飞,平飞,平飞,平飞,静止,静止,平飞
377,平飞,平飞,平飞,平飞,静止,静止,平飞
378,平飞,平飞,平飞,平飞,静止,静止,平飞
379,平飞,平飞,平飞,平飞,静止,静止,平飞
380,平飞,平飞,平飞,平飞,静止,静止,平飞
381,平飞,平飞,平飞,平飞,静止,静止,平飞
382,平飞,平飞,平飞,平飞,静止,静止,平飞
383,平飞,平飞,平飞,平飞,静止,静止,平飞
384,平飞,平飞,平飞,平飞,静止,静止,平飞
385,平飞,平飞,平飞,平飞,静止,静止,平飞
386,平飞,平飞,平飞,平飞,静止,静止,平飞
387,平飞,平飞,平飞,平飞,静止,静止,平飞
388,平飞,平飞,平飞,平飞,静止,静止,平飞
389,平飞,平飞,平飞,平飞,静止,静止,平飞
390,平飞,平飞,平飞,平飞,静止,静止,平飞
391,平飞,平飞,平飞,平飞,静止,静止,平飞
392,平飞,平飞,平飞,平飞,静止,静止,平飞
393,平飞,平飞,平飞,平飞,静止,静止,平飞
394,平飞,平飞,平飞,平飞,静止,静止,平飞
395,平飞,平飞,平飞,平飞,静止,静止,平飞
396,平飞,平飞,平飞,平飞,静止,静止,平飞
397,平飞,平飞,平飞,平飞,静止,静止,平飞
398,平飞,平飞,平飞,平飞,静止,静止,平飞
399,平飞,平飞,平飞,平飞,静止,静止,平飞
400,平飞,平飞,平飞,平飞,静止,静止,平飞
401,平飞,平飞,平飞,平飞,静止,静止,平飞
402,平飞,平飞,平飞,平飞,静止,静止,平飞
403,平飞,平飞,平飞,平飞,静止,静止,平飞
404,平飞,平飞,平飞,平飞,静止,静止,平飞
405,平飞,平飞,平飞,平飞,静止,静止,平飞
406,平飞,平飞,平飞,平飞,静止,静止,平飞
407,平飞,平飞,平飞,平飞,静止,静止,平飞
408,平飞,平飞,平飞,平飞,静止,静止,平飞
409,平飞,平飞,平飞,平飞,静止,静止,平飞
410,平飞,平飞,平飞,平飞,静止,静止,平飞
411,平飞,平飞,平飞,平飞,静止,静止,平飞
412,平飞,平飞,平飞,平飞,静止,静止,平飞
413,平飞,平飞,平飞,平飞,静止,静止,平飞
414,平飞,平飞,平飞,平飞,静止,静止,平飞
415,平飞,平飞,平飞,平飞,静止,静止,平飞
416,平飞,平飞,平飞,平飞,静止,静止,平飞
417,平飞,平飞,平飞,平飞,静止,静止,平飞
418,平飞,平飞,平飞,平飞,静止,静止,平飞
419,平飞,平飞,平飞,平飞,静止,静止,平飞
420,平飞,平飞,平飞,平飞,静止,静止,平飞
421,平飞,平飞,平飞,平飞,静止,静止,平飞
422,平飞,平飞,平飞,平飞,静止,静止,平飞
423,平飞,平飞,平飞,平飞,静止,静止,平飞
424,平飞,平飞,平飞,平飞,静止,静止,平飞
425,平飞,平飞,平飞,平飞,静止,静止,平飞
426,平飞,平飞,平飞,平飞,静止,静止,平飞
427,平飞,平飞,平飞,平飞,静止,静止,平飞
428,平飞,平飞,平飞,平飞,静止,静止,平飞
429,平飞,平飞,平飞,平飞,静止,静止,平飞
430,平飞,平飞,平飞,平飞,静止,静止,平飞
431,平飞,平飞,平飞,平飞,静止,静止,平飞
432,平飞,平飞,平飞,平飞,静止,静止,平飞
433,平飞,平飞,平飞,平飞,静止,静止,平飞
434,平飞,平飞,平飞,平飞,静止,静止,平飞
435,平飞,平飞,平飞,平飞,静止,静止,平飞
436,平飞,平飞,平飞,平飞,静止,静止,平飞
437,平飞,平飞,平飞,平飞,静止,静止,平飞
438,平飞,平飞,平飞,平飞,静止,静止,平飞
439,平飞,平飞,平飞,平飞,静止,静止,平飞
440,平飞,平飞,平飞,平飞,静止,静止,平飞
441,平飞,平飞,平飞,平飞,静止,静止,平飞
442,平飞,平飞,平飞,平飞,平飞,静止,平飞
443,平飞,平飞,平飞,平飞,平飞,静止,平飞
444,平飞,平飞,平飞,平飞,平飞,静止,平飞
445,平飞,平飞,平飞,平飞,平飞,静止,平飞
446,平飞,平飞,平飞,平飞,平飞,静止,平飞
447,平飞,平飞,平飞,平飞,平飞,静止,平飞
448,平飞,平飞,平飞,平飞,平飞,静止,平飞
449,平飞,平飞,平飞,平飞,平飞,静止,平飞
450,平飞,平飞,平飞,平飞,平飞,静止,平飞
451,平飞,平飞,平飞,平飞,平飞,静止,平飞
452,平飞,平飞,平飞,平飞,平飞,静止,平飞
453,平飞,平飞,平飞,平飞,平飞,静止,平飞
454,平飞,平飞,平飞,平飞,平飞,静止,平飞
455,平飞,平飞,平飞,平飞,平飞,静止,平飞
456,平飞,平飞,平飞,平飞,平飞,静止,平飞
457,平飞,平飞,平飞,平飞,平飞,静止,平飞
458,平飞,平飞,平飞,平飞,平飞,静止,平飞
459,平飞,平飞,平飞,平飞,平飞,静止,平飞
460,平飞,平飞,平飞,平飞,平飞,静止,平飞
461,平飞,平飞,平飞,平飞,平飞,静止,平飞
462,平飞,平飞,平飞,平飞,平飞,静止,平飞
463,平飞,平飞,平飞,平飞,平飞,静止,平飞
464,平飞,平飞,平飞,平飞,平飞,静止,平飞
465,平飞,平飞,平飞,平飞,平飞,静止,平飞
466,平飞,平飞,平飞,平飞,平飞,静止,平飞
467,平飞,平飞,平飞,平飞,平飞,静止,平飞
468,平飞,平飞,平飞,平飞,平飞,静止,平飞
469,平飞,平飞,平飞,平飞,平飞,静止,平飞
470,平飞,平飞,平飞,平飞,平飞,静止,平飞
471,平飞,平飞,平飞,平飞,平飞,静止,平飞
472,平飞,平飞,平飞,平飞,平飞,静止,平飞
473,平飞,平飞,平飞,平飞,平飞,静止,平飞
474,平飞,平飞,平飞,平飞,平飞,静止,平飞
475,平飞,平飞,平飞,平飞,平飞,静止,平飞
476,平飞,平飞,平飞,平飞,平飞,静止,平飞
477,平飞,平飞,平飞,平飞,平飞,静止,平飞
478,平飞,平飞,平飞,平飞,平飞,静止,平飞
479,平飞,平飞,平飞,平飞,平飞,静止,平飞
480,平飞,平飞,平飞,平飞,平飞,静止,平飞
481,平飞,平飞,平飞,平飞,平飞,静止,平飞
482,平飞,平飞,平飞,平飞,平飞,静止,平飞
483,平飞,平飞,平飞,平飞,平飞,静止,平飞
484,平飞,平飞,平飞,平飞,平飞,静止,平飞
485,平飞,平飞,平飞,平飞,平飞,静止,平飞
486,平飞,平飞,平飞,平飞,平飞,静止,平飞
487,平飞,平飞,平飞,平飞,平飞,静止,平飞
488,平飞,平飞,平飞,平飞,平飞,静止,平飞
489,平飞,平飞,平飞,平飞,平飞,静止,平飞
490,平飞,平飞,平飞,平飞,平飞,静止,平飞
491,平飞,平飞,平飞,平飞,平飞,静止,平飞
492,平飞,平飞,平飞,平飞,平飞,静止,平飞
493,平飞,平飞,平飞,平飞,平飞,静止,平飞
494,平飞,平飞,平飞,平飞,平飞,静止,平飞
495,平飞,平飞,平飞,平飞,平飞,静止,平飞
496,平飞,平飞,平飞,平飞,平飞,静止,平飞
497,平飞,平飞,平飞,平飞,平飞,静止,平飞
498,平飞,平飞,平飞,平飞,平飞,静止,平飞
499,平飞,平飞,平飞,平飞,平飞,静止,平飞
500,平飞,平飞,平飞,平飞,平飞,静止,平飞
501,平飞,平飞,平飞,平飞,平飞,静止,平飞
502,平飞,平飞,平飞,平飞,平飞,静止,平飞
503,平飞,平飞,平飞,平飞,平飞,静止,平飞
504,平飞,平飞,平飞,平飞,平飞,静止,平飞
505,平飞,平飞,平飞,平飞,平飞,静止,平飞
506,平飞,平飞,平飞,平飞,平飞,静止,平飞
507,平飞,平飞,平飞,平飞,平飞,静止,平飞
508,平飞,平飞,平飞,平飞,平飞,静止,平飞
509,平飞,平飞,平飞,平飞,平飞,静止,平飞
510,平飞,平飞,平飞,平飞,平飞,静止,平飞
511,平飞,平飞,平飞,平飞,平飞,静止,平飞
512,平飞,平飞,平飞,平飞,平飞,静止,平飞
513,平飞,平飞,平飞,平飞,平飞,静止,平飞
514,平飞,平飞,平飞,平飞,平飞,静止,平飞
515,平飞,平飞,平飞,平飞,平飞,静止,平飞
516,平飞,平飞,平飞,平飞,平飞,静止,平飞
517,平飞,平飞,平飞,平飞,平飞,静止,平飞
518,平飞,平飞,平飞,平飞,平飞,静止,平飞
519,平飞,平飞,平飞,平飞,平飞,静止,平飞
520,平飞,平飞,平飞,平飞,平飞,静止,平飞
521,平飞,平飞,平飞,平飞,平飞,静止,平飞
522,平飞,平飞,平飞,平飞,平飞,静止,平飞
523,平飞,平飞,平飞,平飞,平飞,静止,平飞
524,平飞,平飞,平飞,平飞,平飞,静止,平飞
525,平飞,平飞,平飞,平飞,平飞,静止,平飞
526,平飞,平飞,平飞,平飞,平飞,静止,平飞
527,平飞,平飞,平飞,平飞,平飞,静止,平飞
528,平飞,平飞,平飞,平飞,平飞,静止,平飞
529,平飞,平飞,平飞,平飞,平飞,静止,平飞
530,平飞,平飞,平飞,平飞,平飞,静止,平飞
531,平飞,平飞,平飞,平飞,平飞,静止,平飞
532,平飞,平飞,平飞,平飞,平飞,静止,平飞
533,平飞,平飞,平飞,平飞,平飞,静止,平飞
534,平飞,平飞,平飞,平飞,平飞,静止,平飞
535,平飞,平飞,平飞,平飞,平飞,静止,平飞
536,平飞,平飞,平飞,平飞,平飞,静止,平飞
537,平飞,平飞,平飞,平飞,平飞,静止,平飞
538,平飞,平飞,平飞,平飞,平飞,静止,平飞
539,平飞,平飞,平飞,平飞,平飞,静止,平飞
540,平飞,平飞,平飞,平飞,平飞,静止,平飞
541,平飞,平飞,平飞,平飞,平飞,静止,平飞
542,平飞,平飞,平飞,平飞,平飞,静止,平飞
543,平飞,平飞,平飞,平飞,平飞,静止,平飞
544,平飞,平飞,平飞,平飞,平飞,静止,平飞
545,平飞,平飞,平飞,平飞,平飞,静止,平飞
546,平飞,平飞,平飞,平飞,平飞,静止,平飞
547,平飞,平飞,平飞,平飞,平飞,静止,平飞
548,平飞,平飞,平飞,平飞,平飞,静止,平飞
549,平飞,平飞,平飞,平飞,平飞,静止,平飞
550,平飞,平飞,平飞,平飞,平飞,静止,平飞
551,平飞,平飞,平飞,平飞,平飞,静止,平飞
552,平飞,平飞,平飞,平飞,平飞,静止,平飞
553,平飞,平飞,平飞,平飞,平飞,静止,平飞
554,平飞,平飞,平飞,平飞,平飞,静止,平飞
555,平飞,平飞,平飞,平飞,平飞,静止,平飞
556,平飞,平飞,平飞,平飞,平飞,静止,平飞
557,平飞,平飞,平飞,平飞,平飞,静止,平飞
558,平飞,平飞,平飞,平飞,平飞,静止,平飞
559,平飞,平飞,平飞,平飞,平飞,静止,平飞
560,平飞,平飞,平飞,平飞,平飞,静止,平飞
561,平飞,平飞,平飞,平飞,平飞,静止,平飞
562,平飞,平飞,平飞,平飞,平飞,静止,平飞
563,平飞,平飞,平飞,平飞,平飞,静止,平飞
564,平飞,平飞,平飞,平飞,平飞,静止,平飞
565,平飞,平飞,平飞,平飞,平飞,静止,平飞
566,平飞,平飞,平飞,平飞,平飞,静止,平飞
567,平飞,平飞,平飞,平飞,平飞,静止,平飞
568,平飞,平飞,平飞,平飞,平飞,静止,平飞
569,平飞,平飞,平飞,平飞,平飞,静止,平飞
570,平飞,平飞,平飞,平飞,平飞,静止,平飞
571,平飞,平飞,平飞,平飞,平飞,静止,平飞
572,平飞,平飞,平飞,平飞,平飞,静止,平飞
573,平飞,平飞,平飞,平飞,平飞,静止,平飞
574,平飞,平飞,平飞,平飞,平飞,静止,平飞
575,平飞,平飞,平飞,平飞,平飞,静止,平飞
576,平飞,平飞,平飞,平飞,平飞,静止,平飞
577,平飞,平飞,平飞,平飞,平飞,静止,平飞
578,平飞,平飞,平飞,平飞,平飞,静止,平飞
579,平飞,平飞,平飞,平飞,平飞,静止,平飞
580,平飞,平飞,平飞,平飞,平飞,静止,平飞
581,平飞,平飞,平飞,平飞,平飞,静止,平飞
582,平飞,平飞,平飞,平飞,平飞,静止,平飞
583,平飞,平飞,平飞,平飞,平飞,静止,平飞
584,平飞,平飞,平飞,平飞,平飞,静止,平飞
585,平飞,平飞,平飞,平飞,平飞,静止,平飞
586,平飞,平飞,平飞,平飞,平飞,静止,平飞
587,平飞,平飞,平飞,平飞,平飞,静止,平飞
588,平飞,平飞,平飞,平飞,平飞,静止,平飞
589,平飞,平飞,平飞,平飞,平飞,静止,平飞
590,平飞,平飞,平飞,平飞,平飞,静止,平飞
591,平飞,平飞,平飞,平飞,平飞,静止,平飞
592,平飞,平飞,平飞,平飞,平飞,静止,平飞
593,平飞,平飞,平飞,平飞,平飞,静止,平飞
594,平飞,平飞,平飞,平飞,平飞,静止,平飞
595,平飞,平飞,平飞,平飞,平飞,静止,平飞
596,平飞,平飞,平飞,平飞,平飞,静止,平飞
597,平飞,平飞,平飞,平飞,平飞,静止,平飞
598,平飞,平飞,平飞,平飞,平飞,静止,平飞
599,平飞,平飞,平飞,平飞,平飞,静止,平飞
600,平飞,平飞,平飞,平飞,平飞,静止,平飞
601,平飞,平飞,平飞,平飞,平飞,静止,平飞
602,平飞,平飞,平飞,平飞,平飞,静止,平飞
603,平飞,平飞,平飞,平飞,平飞,静止,平飞
604,平飞,平飞,平飞,平飞,平飞,静止,平飞
605,平飞,平飞,平飞,平飞,平飞,静止,平飞
606,平飞,平飞,平飞,平飞,平飞,静止,平飞
607,平飞,平飞,平飞,平飞,平飞,静止,平飞
608,平飞,平飞,平飞,平飞,平飞,静止,平飞
609,平飞,平飞,平飞,平飞,平飞,静止,平飞
610,平飞,平飞,平飞,平飞,平飞,静止,平飞
611,平飞,平飞,平飞,平飞,平飞,静止,平飞
612,平飞,平飞,平飞,平飞,平飞,静止,平飞
613,平飞,平飞,平飞,平飞,平飞,静止,平飞
614,平飞,平飞,平飞,平飞,平飞,静止,平飞
615,平飞,平飞,平飞,平飞,平飞,静止,平飞
616,平飞,平飞,平飞,平飞,平飞,静止,平飞
617,平飞,平飞,平飞,平飞,平飞,静止,平飞
618,平飞,平飞,平飞,平飞,平飞,静止,平飞
619,平飞,平飞,平飞,平飞,平飞,静止,平飞
620,平飞,平飞,平飞,平飞,平飞,静止,平飞
621,平飞,平飞,平飞,平飞,平飞,静止,平飞
622,平飞,平飞,平飞,平飞,平飞,静止,平飞
623,平飞,平飞,平飞,平飞,平飞,静止,平飞
624,平飞,平飞,平飞,平飞,平飞,静止,平飞
625,平飞,平飞,平飞,平飞,平飞,静止,平飞
626,平飞,平飞,平飞,平飞,平飞,静止,平飞
627,平飞,平飞,平飞,平飞,平飞,静止,平飞
628,平飞,平飞,平飞,平飞,平飞,静止,平飞
629,平飞,平飞,平飞,平飞,平飞,静止,平飞
630,平飞,平飞,平飞,平飞,平飞,静止,平飞
631,平飞,平飞,平飞,平飞,平飞,静止,平飞
632,平飞,平飞,平飞,平飞,平飞,静止,平飞
633,平飞,平飞,平飞,平飞,平飞,静止,平飞
634,平飞,平飞,平飞,平飞,平飞,静止,平飞
635,平飞,平飞,平飞,平飞,平飞,静止,平飞
636,平飞,平飞,平飞,平飞,平飞,静止,平飞
637,平飞,平飞,平飞,平飞,平飞,静止,平飞
638,平飞,平飞,平飞,平飞,平飞,静止,平飞
639,平飞,平飞,平飞,平飞,平飞,静止,平飞
640,平飞,平飞,平飞,平飞,平飞,静止,平飞
641,平飞,平飞,平飞,平飞,平飞,静止,平飞
642,平飞,平飞,平飞,平飞,平飞,静止,平飞
643,平飞,平飞,平飞,平飞,平飞,静止,平飞
644,平飞,平飞,平飞,平飞,平飞,静止,平飞
645,平飞,平飞,平飞,平飞,平飞,静止,平飞
646,平飞,平飞,平飞,平飞,平飞,静止,平飞
647,平飞,平飞,平飞,平飞,平飞,静止,平飞
648,平飞,平飞,平飞,平飞,平飞,静止,平飞
649,平飞,平飞,平飞,平飞,平飞,静止,平飞
650,平飞,平飞,平飞,平飞,平飞,静止,平飞
651,平飞,平飞,平飞,平飞,平飞,静止,平飞
652,平飞,平飞,平飞,平飞,平飞,静止,平飞
653,平飞,平飞,平飞,平飞,平飞,静止,平飞
654,平飞,平飞,平飞,平飞,平飞,静止,平飞
655,平飞,平飞,平飞,平飞,平飞,静止,平飞
656,平飞,平飞,平飞,平飞,平飞,静止,平飞
657,平飞,平飞,平飞,平飞,平飞,静止,平飞
658,平飞,平飞,平飞,平飞,平飞,静止,平飞
659,平飞,平飞,平飞,平飞,平飞,静止,平飞
660,平飞,平飞,平飞,平飞,平飞,静止,平飞
661,平飞,平飞,平飞,平飞,平飞,静止,平飞
662,平飞,平飞,平飞,平飞,平飞,静止,平飞
663,平飞,平飞,平飞,平飞,平飞,静止,平飞
664,平飞,平飞,平飞,平飞,平飞,静止,平飞
665,平飞,平飞,平飞,平飞,平飞,静止,平飞
666,平飞,平飞,平飞,平飞,平飞,静止,平飞
667,平飞,平飞,平飞,平飞,平飞,静止,平飞
668,平飞,平飞,平飞,平飞,平飞,静止,平飞
669,平飞,平飞,平飞,平飞,平飞,静止,平飞
670,平飞,平飞,平飞,平飞,平飞,静止,平飞
671,平飞,平飞,平飞,平飞,平飞,静止,平飞
672,平飞,平飞,平飞,平飞,平飞,静止,平飞
673,平飞,平飞,平飞,平飞,平飞,静止,平飞
674,平飞,平飞,平飞,平飞,平飞,静止,平飞
675,平飞,平飞,平飞,平飞,平飞,静止,平飞
676,平飞,平飞,平飞,平飞,平飞,静止,平飞
677,平飞,平飞,平飞,平飞,平飞,静止,平飞
678,平飞,平飞,平飞,平飞,平飞,静止,平飞
679,平飞,平飞,平飞,平飞,平飞,静止,平飞
680,平飞,平飞,平飞,平飞,平飞,静止,平飞
681,平飞,平飞,平飞,平飞,平飞,静止,平飞
682,平飞,平飞,平飞,平飞,平飞,静止,平飞
683,平飞,平飞,平飞,平飞,平飞,静止,平飞
684,平飞,平飞,平飞,平飞,平飞,静止,平飞
685,平飞,平飞,平飞,平飞,平飞,静止,平飞
686,平飞,平飞,平飞,平飞,平飞,静止,平飞
687,平飞,平飞,平飞,平飞,平飞,静止,平飞
688,平飞,平飞,平飞,平飞,平飞,静止,平飞
689,平飞,平飞,平飞,平飞,平飞,静止,平飞
690,平飞,平飞,平飞,平飞,平飞,静止,平飞
691,平飞,平飞,平飞,平飞,平飞,静止,平飞
692,平飞,平飞,平飞,平飞,平飞,静止,平飞
693,平飞,平飞,平飞,平飞,平飞,静止,平飞
694,平飞,平飞,平飞,平飞,平飞,静止,平飞
695,平飞,平飞,平飞,平飞,平飞,静止,平飞
696,平飞,平飞,平飞,平飞,平飞,静止,平飞
697,平飞,平飞,平飞,平飞,平飞,静止,平飞
698,平飞,平飞,平飞,平飞,平飞,静止,平飞
699,平飞,平飞,平飞,平飞,平飞,静止,平飞
700,平飞,平飞,平飞,平飞,平飞,静止,平飞
701,平飞,平飞,平飞,平飞,平飞,静止,平飞
702,平飞,平飞,平飞,平飞,平飞,静止,平飞
703,平飞,平飞,平飞,平飞,平飞,静止,平飞
704,平飞,平飞,平飞,平飞,平飞,静止,平飞
705,平飞,平飞,平飞,平飞,平飞,静止,平飞
706,平飞,平飞,平飞,平飞,平飞,静止,平飞
707,平飞,平飞,平飞,平飞,平飞,静止,平飞
708,平飞,平飞,平飞,平飞,平飞,静止,平飞
709,平飞,平飞,平飞,平飞,平飞,上升飞行,平飞
710,平飞,平飞,平飞,平飞,平飞,平飞,平飞
711,平飞,平飞,平飞,平飞,平飞,平飞,平飞
712,平飞,平飞,平飞,平飞,平飞,平飞,平飞
713,平飞,平飞,平飞,平飞,平飞,平飞,平飞
714,平飞,平飞,平飞,平飞,平飞,平飞,平飞
715,平飞,平飞,平飞,平飞,平飞,平飞,平飞
716,平飞,平飞,平飞,平飞,平飞,平飞,平飞
717,平飞,平飞,平飞,平飞,平飞,平飞,平飞
718,平飞,平飞,平飞,平飞,平飞,平飞,平飞
719,平飞,平飞,平飞,平飞,平飞,平飞,平飞
720,平飞,平飞,平飞,平飞,平飞,平飞,平飞
721,平飞,平飞,平飞,平飞,平飞,平飞,平飞
722,平飞,平飞,平飞,平飞,平飞,平飞,平飞
723,平飞,平飞,平飞,平飞,平飞,平飞,平飞
724,平飞,平飞,平飞,平飞,平飞,平飞,平飞
725,平飞,平飞,平飞,平飞,平飞,平飞,平飞
726,平飞,平飞,平飞,平飞,平飞,平飞,平飞
727,平飞,平飞,平飞,平飞,平飞,平飞,平飞
728,平飞,平飞,平飞,平飞,平飞,平飞,平飞
729,平飞,平飞,平飞,平飞,平飞,平飞,平飞
730,平飞,平飞,平飞,平飞,平飞,平飞,平飞
731,平飞,平飞,平飞,平飞,平飞,平飞,平飞
732,平飞,平飞,平飞,平飞,平飞,平飞,平飞
733,平飞,平飞,平飞,平飞,平飞,平飞,平飞
734,平飞,平飞,平飞,平飞,平飞,平飞,平飞
735,平飞,平飞,平飞,平飞,平飞,平飞,平飞
736,平飞,平飞,平飞,平飞,平飞,平飞,平飞
737,平飞,平飞,平飞,平飞,平飞,平飞,平飞
738,平飞,平飞,平飞,平飞,平飞,平飞,平飞
739,平飞,平飞,平飞,平飞,平飞,平飞,平飞
740,平飞,平飞,平飞,平飞,平飞,平飞,平飞
741,平飞,平飞,平飞,平飞,平飞,平飞,平飞
742,平飞,平飞,平飞,平飞,平飞,平飞,平飞
743,平飞,平飞,平飞,平飞,平飞,平飞,平飞
744,平飞,平飞,平飞,平飞,平飞,平飞,平飞
745,平飞,平飞,平飞,平飞,平飞,平飞,平飞
746,平飞,平飞,平飞,平飞,平飞,平飞,平飞
747,平飞,平飞,平飞,平飞,平飞,平飞,平飞
748,平飞,平飞,平飞,平飞,平飞,平飞,平飞
749,平飞,平飞,平飞,平飞,平飞,平飞,平飞
750,平飞,平飞,平飞,平飞,平飞,平飞,平飞
751,平飞,平飞,平飞,平飞,平飞,平飞,平飞
752,平飞,平飞,平飞,平飞,平飞,平飞,平飞
753,平飞,平飞,平飞,平飞,平飞,平飞,平飞
754,平飞,平飞,平飞,平飞,平飞,平飞,平飞
755,平飞,平飞,平飞,平飞,平飞,平飞,平飞
756,平飞,平飞,平飞,平飞,平飞,平飞,平飞
757,平飞,平飞,平飞,平飞,平飞,平飞,平飞
758,平飞,平飞,平飞,平飞,平飞,平飞,平飞
759,平飞,平飞,平飞,平飞,平飞,平飞,平飞
760,平飞,平飞,平飞,平飞,平飞,平飞,平飞
761,平飞,平飞,平飞,平飞,平飞,平飞,平飞
762,平飞,平飞,平飞,平飞,平飞,平飞,平飞
763,平飞,平飞,平飞,平飞,平飞,平飞,平飞
764,平飞,平飞,平飞,平飞,平飞,平飞,平飞
765,平飞,平飞,平飞,平飞,平飞,平飞,平飞
766,平飞,平飞,平飞,平飞,平飞,平飞,平飞
767,平飞,平飞,平飞,平飞,平飞,平飞,平飞
768,平飞,平飞,平飞,平飞,平飞,平飞,平飞
769,平飞,平飞,平飞,平飞,平飞,平飞,平飞
770,平飞,平飞,平飞,平飞,平飞,平飞,平飞
771,平飞,平飞,平飞,平飞,平飞,平飞,平飞
772,平飞,平飞,平飞,平飞,平飞,平飞,平飞
773,平飞,平飞,平飞,平飞,平飞,平飞,平飞
774,平飞,平飞,平飞,平飞,平飞,平飞,平飞
775,平飞,平飞,平飞,平飞,平飞,平飞,平飞
776,平飞,平飞,平飞,平飞,平飞,平飞,平飞
777,平飞,平飞,平飞,平飞,平飞,平飞,平飞
778,平飞,平飞,平飞,平飞,平飞,平飞,平飞
779,平飞,平飞,平飞,平飞,平飞,平飞,平飞
780,平飞,平飞,平飞,平飞,平飞,平飞,平飞
781,平飞,平飞,平飞,平飞,平飞,平飞,平飞
782,平飞,平飞,平飞,平飞,平飞,平飞,平飞
783,平飞,平飞,平飞,平飞,平飞,平飞,平飞
784,平飞,平飞,平飞,平飞,平飞,平飞,平飞
785,平飞,平飞,平飞,平飞,平飞,平飞,平飞
786,平飞,平飞,平飞,平飞,平飞,平飞,平飞
787,平飞,平飞,平飞,平飞,平飞,平飞,平飞
788,平飞,平飞,平飞,平飞,平飞,平飞,平飞
789,平飞,平飞,平飞,平飞,平飞,平飞,平飞
790,平飞,平飞,平飞,平飞,平飞,平飞,平飞
791,平飞,平飞,平飞,平飞,平飞,平飞,平飞
792,平飞,平飞,平飞,平飞,平飞,平飞,平飞
793,平飞,平飞,平飞,平飞,平飞,平飞,平飞
794,平飞,平飞,平飞,平飞,平飞,平飞,平飞
795,平飞,平飞,平飞,平飞,平飞,平飞,平飞
796,平飞,平飞,平飞,平飞,平飞,平飞,平飞
797,平飞,平飞,平飞,平飞,平飞,平飞,平飞
798,平飞,平飞,平飞,平飞,平飞,平飞,平飞
799,平飞,平飞,平飞,平飞,平飞,平飞,平飞
800,平飞,平飞,平飞,平飞,平飞,平飞,平飞
801,平飞,平飞,平飞,平飞,平飞,平飞,平飞
802,平飞,平飞,平飞,平飞,平飞,平飞,平飞
803,平飞,平飞,平飞,平飞,平飞,平飞,平飞
804,平飞,平飞,平飞,平飞,平飞,平飞,平飞
805,平飞,平飞,平飞,平飞,平飞,平飞,平飞
806,平飞,平飞,平飞,平飞,平飞,平飞,平飞
807,平飞,平飞,平飞,平飞,平飞,平飞,平飞
808,平飞,平飞,平飞,平飞,平飞,平飞,平飞
809,平飞,平飞,平飞,平飞,平飞,平飞,平飞
810,平飞,平飞,平飞,平飞,平飞,平飞,平飞
811,平飞,平飞,平飞,平飞,平飞,平飞,平飞
812,平飞,平飞,平飞,平飞,平飞,平飞,平飞
813,平飞,平飞,平飞,平飞,平飞,平飞,平飞
814,平飞,平飞,平飞,平飞,平飞,平飞,平飞
815,平飞,平飞,平飞,平飞,平飞,平飞,平飞
816,平飞,平飞,平飞,平飞,平飞,平飞,平飞
817,平飞,平飞,平飞,平飞,平飞,平飞,平飞
818,平飞,平飞,平飞,平飞,平飞,平飞,平飞
819,平飞,平飞,平飞,平飞,平飞,平飞,平飞
820,平飞,平飞,平飞,平飞,平飞,平飞,平飞
821,平飞,平飞,平飞,平飞,平飞,平飞,平飞
822,平飞,平飞,平飞,平飞,平飞,平飞,平飞
823,平飞,平飞,平飞,平飞,平飞,平飞,平飞
824,平飞,平飞,平飞,平飞,平飞,平飞,平飞
825,平飞,平飞,平飞,平飞,平飞,平飞,平飞
826,平飞,平飞,平飞,平飞,平飞,平飞,平飞
827,平飞,平飞,平飞,平飞,平飞,平飞,平飞
828,平飞,平飞,平飞,平飞,平飞,平飞,平飞
829,平飞,平飞,平飞,平飞,平飞,平飞,平飞
830,平飞,平飞,平飞,平飞,平飞,平飞,平飞
831,平飞,平飞,平飞,平飞,平飞,平飞,平飞
832,平飞,平飞,平飞,平飞,平飞,平飞,平飞
833,平飞,平飞,平飞,平飞,平飞,平飞,平飞
834,平飞,平飞,平飞,平飞,平飞,平飞,平飞
835,平飞,平飞,平飞,平飞,平飞,平飞,平飞
836,平飞,平飞,平飞,平飞,平飞,平飞,平飞
837,平飞,平飞,平飞,平飞,平飞,平飞,平飞
838,平飞,平飞,平飞,平飞,平飞,平飞,平飞
839,平飞,平飞,平飞,平飞,平飞,平飞,平飞
840,平飞,平飞,平飞,平飞,平飞,平飞,平飞
841,平飞,平飞,平飞,平飞,平飞,平飞,平飞
842,平飞,平飞,平飞,平飞,平飞,平飞,平飞
843,平飞,平飞,平飞,平飞,平飞,平飞,平飞
844,平飞,平飞,平飞,平飞,平飞,平飞,平飞
845,平飞,平飞,平飞,平飞,平飞,平飞,平飞
846,平飞,平飞,平飞,平飞,平飞,平飞,平飞
847,平飞,平飞,平飞,平飞,平飞,平飞,平飞
848,平飞,平飞,平飞,平飞,平飞,平飞,平飞
849,平飞,平飞,平飞,平飞,平飞,平飞,平飞
850,平飞,平飞,平飞,平飞,平飞,平飞,平飞
851,平飞,平飞,平飞,平飞,平飞,平飞,平飞
852,平飞,平飞,平飞,平飞,平飞,平飞,平飞
853,平飞,平飞,平飞,平飞,平飞,平飞,平飞
854,平飞,平飞,平飞,平飞,平飞,平飞,平飞
855,平飞,平飞,平飞,平飞,平飞,平飞,平飞
856,平飞,平飞,平飞,平飞,平飞,平飞,平飞
857,平飞,平飞,平飞,平飞,平飞,平飞,平飞
858,平飞,平飞,平飞,平飞,平飞,平飞,平飞
859,平飞,平飞,平飞,平飞,平飞,平飞,平飞
860,平飞,平飞,平飞,平飞,平飞,平飞,平飞
861,平飞,平飞,平飞,平飞,平飞,平飞,平飞
862,平飞,平飞,平飞,平飞,平飞,平飞,平飞
863,平飞,平飞,平飞,平飞,平飞,平飞,平飞
864,平飞,平飞,平飞,平飞,平飞,平飞,平飞
865,平飞,平飞,平飞,平飞,平飞,平飞,平飞
866,平飞,平飞,平飞,平飞,平飞,平飞,平飞
867,平飞,平飞,平飞,平飞,平飞,平飞,平飞
868,平飞,平飞,平飞,平飞,平飞,平飞,平飞
869,平飞,平飞,平飞,平飞,平飞,平飞,平飞
870,平飞,平飞,平飞,平飞,平飞,平飞,平飞
871,平飞,平飞,平飞,平飞,平飞,平飞,平飞
872,平飞,平飞,平飞,平飞,平飞,平飞,平飞
873,平飞,平飞,平飞,平飞,平飞,平飞,平飞
874,平飞,平飞,平飞,平飞,平飞,平飞,平飞
875,平飞,平飞,平飞,平飞,平飞,平飞,平飞
876,平飞,平飞,平飞,平飞,平飞,平飞,平飞
877,平飞,平飞,平飞,平飞,平飞,平飞,平飞
878,平飞,平飞,平飞,平飞,平飞,平飞,平飞
879,平飞,平飞,平飞,平飞,平飞,平飞,平飞
880,平飞,平飞,平飞,平飞,平飞,平飞,平飞
881,平飞,平飞,平飞,平飞,平飞,平飞,平飞
882,平飞,平飞,平飞,平飞,平飞,平飞,平飞
883,平飞,平飞,平飞,平飞,平飞,平飞,平飞
884,平飞,平飞,平飞,平飞,平飞,平飞,平飞
885,平飞,平飞,平飞,平飞,平飞,平飞,平飞
886,平飞,平飞,平飞,平飞,平飞,平飞,平飞
887,平飞,平飞,平飞,平飞,平飞,平飞,平飞
888,平飞,平飞,平飞,平飞,平飞,平飞,平飞
889,平飞,平飞,平飞,平飞,平飞,平飞,平飞
890,平飞,平飞,平飞,平飞,平飞,平飞,平飞
891,平飞,平飞,平飞,平飞,平飞,平飞,平飞
892,平飞,平飞,平飞,平飞,平飞,平飞,平飞
893,平飞,平飞,平飞,平飞,平飞,平飞,平飞
894,平飞,平飞,平飞,平飞,平飞,平飞,平飞
895,平飞,平飞,平飞,平飞,平飞,平飞,平飞
896,平飞,平飞,平飞,平飞,平飞,平飞,平飞
897,平飞,平飞,平飞,平飞,平飞,平飞,平飞
898,平飞,平飞,平飞,平飞,平飞,平飞,平飞
899,平飞,平飞,平飞,平飞,平飞,平飞,平飞
900,平飞,平飞,平飞,平飞,平飞,平飞,平飞
901,平飞,平飞,平飞,平飞,平飞,平飞,平飞
902,平飞,平飞,平飞,平飞,平飞,平飞,平飞
903,平飞,平飞,平飞,平飞,平飞,平飞,平飞
904,平飞,平飞,平飞,平飞,平飞,平飞,平飞
905,平飞,平飞,平飞,平飞,平飞,平飞,平飞
906,平飞,平飞,平飞,平飞,平飞,平飞,平飞
907,平飞,平飞,平飞,平飞,平飞,平飞,平飞
908,平飞,平飞,平飞,平飞,平飞,平飞,平飞
909,平飞,平飞,平飞,平飞,平飞,平飞,平飞
910,平飞,平飞,平飞,平飞,平飞,平飞,平飞
911,平飞,平飞,平飞,平飞,平飞,平飞,平飞
912,平飞,平飞,平飞,平飞,平飞,平飞,平飞
913,平飞,平飞,平飞,平飞,平飞,平飞,平飞
914,平飞,平飞,平飞,平飞,平飞,平飞,平飞
915,平飞,平飞,平飞,平飞,平飞,平飞,平飞
916,平飞,平飞,平飞,平飞,平飞,平飞,平飞
917,平飞,平飞,平飞,平飞,平飞,平飞,平飞
918,平飞,平飞,平飞,平飞,平飞,平飞,平飞
919,平飞,平飞,平飞,平飞,平飞,平飞,平飞
920,平飞,平飞,平飞,平飞,平飞,平飞,平飞
921,平飞,平飞,平飞,平飞,平飞,平飞,平飞
922,平飞,平飞,平飞,平飞,平飞,平飞,平飞
923,平飞,平飞,平飞,平飞,平飞,平飞,平飞
924,平飞,平飞,平飞,平飞,平飞,平飞,平飞
925,平飞,平飞,平飞,平飞,平飞,平飞,平飞
926,平飞,平飞,平飞,平飞,平飞,平飞,平飞
927,平飞,平飞,平飞,平飞,平飞,平飞,平飞
928,平飞,平飞,平飞,平飞,平飞,平飞,平飞
929,平飞,平飞,平飞,平飞,平飞,平飞,平飞
930,平飞,平飞,平飞,平飞,平飞,平飞,平飞
931,平飞,平飞,平飞,平飞,平飞,平飞,平飞
932,平飞,平飞,平飞,平飞,平飞,平飞,平飞
933,平飞,平飞,平飞,平飞,平飞,平飞,平飞
934,平飞,平飞,平飞,平飞,平飞,平飞,平飞
935,平飞,平飞,平飞,平飞,平飞,平飞,平飞
936,平飞,平飞,平飞,平飞,平飞,平飞,平飞
937,平飞,平飞,平飞,平飞,平飞,平飞,平飞
938,平飞,平飞,平飞,平飞,平飞,平飞,平飞
939,平飞,平飞,平飞,平飞,平飞,平飞,平飞
940,平飞,平飞,平飞,平飞,平飞,平飞,平飞
941,平飞,平飞,平飞,平飞,平飞,平飞,平飞
942,平飞,平飞,平飞,平飞,平飞,平飞,平飞
943,平飞,平飞,平飞,平飞,平飞,平飞,平飞
944,平飞,平飞,平飞,平飞,平飞,平飞,平飞
945,平飞,平飞,平飞,平飞,平飞,平飞,平飞
946,平飞,平飞,平飞,平飞,平飞,平飞,平飞
947,平飞,平飞,平飞,平飞,平飞,平飞,平飞
948,平飞,平飞,平飞,平飞,平飞,平飞,平飞
949,平飞,平飞,平飞,平飞,平飞,平飞,平飞
950,平飞,平飞,平飞,平飞,平飞,平飞,平飞
951,平飞,平飞,平飞,平飞,平飞,平飞,平飞
952,平飞,平飞,平飞,平飞,平飞,平飞,平飞
953,平飞,平飞,平飞,平飞,平飞,平飞,平飞
954,平飞,平飞,平飞,平飞,平飞,平飞,平飞
955,平飞,平飞,平飞,平飞,平飞,平飞,平飞
956,平飞,平飞,平飞,平飞,平飞,平飞,平飞
957,平飞,平飞,平飞,平飞,平飞,平飞,平飞
958,平飞,平飞,平飞,平飞,平飞,平飞,平飞
959,平飞,平飞,平飞,平飞,平飞,平飞,平飞
960,平飞,平飞,平飞,平飞,平飞,平飞,平飞
961,平飞,平飞,平飞,平飞,平飞,平飞,平飞
962,平飞,平飞,平飞,平飞,平飞,平飞,平飞
963,平飞,平飞,平飞,平飞,平飞,平飞,平飞
964,平飞,平飞,平飞,平飞,平飞,平飞,平飞
965,平飞,平飞,平飞,平飞,平飞,平飞,平飞
966,平飞,平飞,平飞,平飞,平飞,平飞,平飞
967,平飞,平飞,平飞,平飞,平飞,平飞,平飞
968,平飞,平飞,平飞,平飞,平飞,平飞,平飞
969,平飞,平飞,平飞,平飞,平飞,平飞,平飞
970,平飞,平飞,平飞,平飞,平飞,平飞,平飞
971,平飞,平飞,平飞,平飞,平飞,平飞,平飞
972,平飞,平飞,平飞,平飞,平飞,平飞,平飞
973,平飞,平飞,平飞,平飞,平飞,平飞,平飞
974,平飞,平飞,平飞,平飞,平飞,平飞,平飞
975,平飞,平飞,平飞,平飞,平飞,平飞,平飞
976,平飞,平飞,平飞,平飞,平飞,平飞,平飞
977,平飞,平飞,平飞,平飞,平飞,平飞,平飞
978,平飞,平飞,平飞,平飞,平飞,平飞,平飞
979,平飞,平飞,平飞,平飞,平飞,平飞,平飞
980,平飞,平飞,平飞,平飞,平飞,平飞,平飞
981,平飞,平飞,平飞,平飞,平飞,平飞,平飞
982,平飞,平飞,平飞,平飞,平飞,平飞,平飞
983,平飞,平飞,平飞,平飞,平飞,平飞,平飞
984,平飞,平飞,平飞,平飞,平飞,平飞,平飞
985,平飞,平飞,平飞,平飞,平飞,平飞,平飞
986,平飞,平飞,平飞,平飞,平飞,平飞,平飞
987,平飞,平飞,平飞,平飞,平飞,平飞,平飞
988,平飞,平飞,平飞,平飞,平飞,平飞,平飞
989,平飞,平飞,平飞,平飞,平飞,平飞,平飞
990,平飞,平飞,平飞,平飞,平飞,平飞,平飞
991,平飞,平飞,平飞,平飞,平飞,平飞,平飞
992,平飞,平飞,平飞,平飞,平飞,平飞,平飞
993,平飞,平飞,平飞,平飞,平飞,平飞,平飞
994,平飞,平飞,平飞,平飞,平飞,平飞,平飞
995,平飞,平飞,平飞,平飞,平飞,平飞,平飞
996,平飞,平飞,平飞,平飞,平飞,平飞,平飞
997,平飞,平飞,平飞,平飞,平飞,平飞,平飞
998,平飞,平飞,平飞,平飞,平飞,平飞,平飞
999,平飞,平飞,平飞,平飞,平飞,平飞,平飞
1000,平飞,平飞,平飞,平飞,平飞,平飞,平飞
1001,平飞,平飞,平飞,平飞,平飞,平飞,平飞
1002,平飞,平飞,平飞,平飞,平飞,平飞,平飞
1003,平飞,平飞,平飞,平飞,平飞,平飞,平飞
1004,平飞,平飞,平飞,平飞,平飞,平飞,平飞
1005,平飞,平飞,平飞,平飞,平飞,平飞,平飞
1006,平飞,平飞,平飞,平飞,平飞,平飞,平飞
1007,平飞,平飞,平飞,平飞,平飞,平飞,平飞
1008,平飞,平飞,平飞,平飞,平飞,平飞,平飞
1009,平飞,平飞,平飞,平飞,平飞,平飞,平飞
1010,平飞,平飞,平飞,平飞,平飞,平飞,平飞
1011,平飞,平飞,平飞,平飞,平飞,平飞,平飞
1012,平飞,平飞,平飞,平飞,平飞,平飞,平飞
1013,平飞,平飞,平飞,平飞,平飞,平飞,平飞
1014,平飞,平飞,平飞,平飞,平飞,平飞,平飞
1015,平飞,平飞,平飞,平飞,平飞,平飞,平飞
1016,平飞,平飞,平飞,平飞,平飞,平飞,平飞
1017,平飞,平飞,平飞,平飞,平飞,平飞,平飞
1018,平飞,平飞,平飞,平飞,平飞,平飞,平飞
1019,平飞,平飞,平飞,平飞,平飞,平飞,平飞
1020,平飞,平飞,平飞,平飞,平飞,平飞,平飞
1021,平飞,平飞,平飞,平飞,平飞,平飞,平飞
1022,平飞,平飞,平飞,平飞,平飞,平飞,平飞
1023,平飞,平飞,平飞,平飞,平飞,平飞,平飞
1024,平飞,平飞,平飞,平飞,平飞,平飞,平飞
1025,平飞,平飞,平飞,平飞,平飞,平飞,平飞
1026,平飞,平飞,平飞,平飞,平飞,平飞,平飞
1027,平飞,平飞,平飞,平飞,平飞,平飞,平飞
1028,平飞,平飞,平飞,平飞,平飞,平飞,平飞
1029,平飞,平飞,平飞,平飞,平飞,平飞,平飞
1030,平飞,平飞,平飞,平飞,平飞,平飞,平飞
1031,平飞,平飞,平飞,平飞,平飞,平飞,平飞
1032,平飞,平飞,平飞,平飞,平飞,平飞,平飞
1033,平飞,平飞,平飞,平飞,平飞,平飞,平飞
1034,平飞,平飞,平飞,平飞,平飞,平飞,平飞
1035,平飞,平飞,平飞,平飞,平飞,平飞,平飞
1036,平飞,平飞,平飞,平飞,平飞,平飞,平飞
1037,平飞,平飞,平飞,平飞,平飞,平飞,平飞
1038,平飞,平飞,平飞,平飞,平飞,平飞,平飞
1039,平飞,平飞,平飞,平飞,平飞,平飞,平飞
1040,平飞,平飞,平飞,平飞,平飞,平飞,平飞
1041,平飞,平飞,平飞,平飞,平飞,平飞,平飞
1042,平飞,平飞,平飞,平飞,平飞,平飞,平飞
1043,平飞,平飞,平飞,平飞,平飞,平飞,平飞
1044,平飞,平飞,平飞,平飞,平飞,平飞,平飞
1045,平飞,平飞,平飞,平飞,平飞,平飞,平飞
1046,平飞,平飞,平飞,平飞,平飞,平飞,平飞
1047,平飞,平飞,平飞,平飞,平飞,平飞,平飞
1048,平飞,平飞,平飞,平飞,平飞,平飞,平飞
1049,平飞,平飞,平飞,平飞,平飞,平飞,平飞
1050,平飞,平飞,平飞,平飞,平飞,平飞,平飞
1051,平飞,平飞,平飞,平飞,平飞,平飞,平飞
1052,平飞,平飞,平飞,平飞,平飞,平飞,平飞
1053,平飞,平飞,平飞,平飞,平飞,平飞,平飞
1054,平飞,平飞,平飞,平飞,平飞,平飞,平飞
1055,平飞,平飞,平飞,平飞,平飞,平飞,平飞
1056,平飞,平飞,平飞,平飞,平飞,平飞,平飞
1057,平飞,平飞,平飞,平飞,平飞,平飞,平飞
1058,平飞,平飞,平飞,平飞,平飞,平飞,平飞
1059,平飞,平飞,平飞,平飞,平飞,平飞,平飞
1060,平飞,平飞,平飞,平飞,平飞,平飞,平飞
1061,平飞,平飞,平飞,平飞,平飞,平飞,平飞
1062,平飞,平飞,平飞,平飞,平飞,平飞,平飞
1063,平飞,平飞,平飞,平飞,平飞,平飞,平飞
1064,平飞,平飞,平飞,平飞,平飞,平飞,平飞
1065,平飞,平飞,平飞,平飞,平飞,平飞,平飞
1066,平飞,平飞,平飞,平飞,平飞,平飞,平飞
1067,平飞,平飞,平飞,平飞,平飞,平飞,平飞
1068,平飞,平飞,平飞,平飞,平飞,平飞,平飞
1069,平飞,平飞,平飞,平飞,平飞,平飞,平飞
1070,平飞,平飞,平飞,平飞,平飞,平飞,平飞
1071,平飞,平飞,平飞,平飞,平飞,平飞,平飞
1072,平飞,平飞,平飞,平飞,平飞,平飞,平飞
1073,平飞,平飞,平飞,平飞,平飞,平飞,平飞
1074,平飞,平飞,平飞,平飞,平飞,平飞,平飞
1075,平飞,平飞,平飞,平飞,平飞,平飞,平飞
1076,平飞,平飞,平飞,平飞,平飞,平飞,平飞
1077,平飞,平飞,平飞,平飞,平飞,平飞,平飞
1078,平飞,平飞,平飞,平飞,平飞,平飞,平飞
1079,平飞,平飞,平飞,平飞,平飞,平飞,平飞
1080,平飞,平飞,平飞,平飞,平飞,平飞,平飞
1081,平飞,平飞,平飞,平飞,平飞,平飞,平飞
1082,平飞,平飞,平飞,平飞,平飞,平飞,平飞
1083,平飞,平飞,平飞,平飞,平飞,平飞,平飞
1084,平飞,平飞,平飞,平飞,平飞,平飞,平飞
1085,平飞,平飞,平飞,平飞,平飞,平飞,平飞
1086,平飞,平飞,平飞,平飞,平飞,平飞,平飞
1087,平飞,平飞,平飞,上升飞行,平飞,平飞,平飞
1088,上升飞行,平飞,平飞,上升飞行,平飞,平飞,平飞
1089,上升飞行,平飞,平飞,上升飞行,平飞,平飞,平飞
1090,上升飞行,平飞,平飞,上升飞行,平飞,平飞,平飞
1091,上升飞行,平飞,平飞,上升飞行,平飞,平飞,平飞
1092,上升飞行,平飞,平飞,上升飞行,平飞,平飞,平飞
1093,上升飞行,平飞,平飞,上升飞行,平飞,平飞,平飞
1094,上升飞行,平飞,平飞,上升飞行,平飞,平飞,平飞
1095,上升飞行,平飞,平飞,上升飞行,平飞,平飞,平飞
1096,上升飞行,平飞,平飞,上升飞行,平飞,平飞,平飞
1097,上升飞行,平飞,平飞,上升飞行,平飞,平飞,平飞
1098,上升飞行,平飞,平飞,上升飞行,平飞,平飞,平飞
1099,上升飞行,平飞,平飞,上升飞行,平飞,平飞,平飞
1100,上升飞行,平飞,平飞,上升飞行,平飞,平飞,平飞
1101,上升飞行,平飞,平飞,上升飞行,平飞,平飞,平飞
1102,上升飞行,平飞,平飞,上升飞行,平飞,平飞,平飞
1103,上升飞行,平飞,平飞,上升飞行,平飞,平飞,平飞
1104,上升飞行,平飞,上升飞行,上升飞行,平飞,平飞,平飞
1105,上升飞行,平飞,上升飞行,上升飞行,平飞,平飞,平飞
1106,上升飞行,平飞,上升飞行,上升飞行,平飞,平飞,平飞
1107,上升飞行,平飞,上升飞行,上升飞行,向右飞行,平飞,平飞
1108,上升飞行,平飞,上升飞行,上升飞行,向右飞行,平飞,平飞
1109,上升飞行,上升飞行,上升飞行,上升飞行,向右飞行,平飞,平飞
1110,上升飞行,上升飞行,上升飞行,上升飞行,向右飞行,平飞,平飞
1111,上升飞行,上升飞行,上升飞行,上升飞行,向右飞行,平飞,平飞
1112,上升飞行,上升飞行,上升飞行,上升飞行,向右飞行,平飞,平飞
1113,上升飞行,上升飞行,上升飞行,向右下降飞行,向右飞行,平飞,平飞
1114,上升飞行,上升飞行,上升飞行,向右下降飞行,向右飞行,平飞,平飞
1115,上升飞行,上升飞行,上升飞行,向右下降飞行,向右飞行,平飞,平飞
1116,上升飞行,上升飞行,上升飞行,向右下降飞行,向右飞行,平飞,平飞
1117,上升飞行,上升飞行,上升飞行,向右下降飞行,向右飞行,下降飞行,平飞
1118,上升飞行,上升飞行,上升飞行,向右下降飞行,向右飞行,下降飞行,平飞
1119,上升飞行,上升飞行,上升飞行,向右下降飞行,向右飞行,下降飞行,平飞
1120,上升飞行,上升飞行,上升飞行,向右下降飞行,向右飞行,下降飞行,平飞
1121,上升飞行,上升飞行,上升飞行,向右下降飞行,向右飞行,下降飞行,平飞
1122,上升飞行,上升飞行,上升飞行,向右下降飞行,向右飞行,下降飞行,平飞
1123,上升飞行,上升飞行,上升飞行,向右下降飞行,向右飞行,下降飞行,平飞
1124,上升飞行,上升飞行,上升飞行,向右下降飞行,向右飞行,下降飞行,平飞
1125,上升飞行,上升飞行,上升飞行,向右下降飞行,向右飞行,下降飞行,平飞
1126,上升飞行,上升飞行,上升飞行,向右下降飞行,向右飞行,下降飞行,平飞
1127,上升飞行,上升飞行,上升飞行,向右下降飞行,向右飞行,下降飞行,平飞
1128,上升飞行,上升飞行,向右飞行,向右下降飞行,向右飞行,下降飞行,平飞
1129,上升飞行,上升飞行,向右飞行,向右下降飞行,向右飞行,下降飞行,平飞
1130,上升飞行,上升飞行,向右飞行,向右下降飞行,向右飞行,下降飞行,平飞
1131,上升飞行,上升飞行,向右飞行,向右下降飞行,向右飞行,下降飞行,平飞
1132,上升飞行,上升飞行,向右飞行,向右下降飞行,向右飞行,下降飞行,平飞
1133,上升飞行,上升飞行,向右飞行,向右飞行,向右飞行,下降飞行,平飞
1134,上升飞行,上升飞行,向右飞行,向右飞行,向右飞行,下降飞行,平飞
1135,上升飞行,上升飞行,向右飞行,向右飞行,向右飞行,下降飞行,平飞
1136,上升飞行,上升飞行,向右飞行,向右飞行,向右飞行,下降飞行,平飞
1137,上升飞行,上升飞行,向右飞行,向右飞行,向右飞行,下降飞行,平飞
1138,上升飞行,上升飞行,向右飞行,向右飞行,向右飞行,向右上升飞行,平飞
1139,上升飞行,上升飞行,向右飞行,向右飞行,向右飞行,向右上升飞行,平飞
1140,上升飞行,上升飞行,向右飞行,向右飞行,向右飞行,向右上升飞行,平飞
1141,上升飞行,上升飞行,向右飞行,向右飞行,向右飞行,向右上升飞行,平飞
1142,向右下降飞行,上升飞行,向右飞行,向右飞行,向右飞行,向右上升飞行,平飞
1143,向右下降飞行,上升飞行,向右飞行,向右飞行,向右飞行,向右上升飞行,平飞
1144,向右下降飞行,上升飞行,向右飞行,向右飞行,向右飞行,向右上升飞行,平飞
1145,向右下降飞行,上升飞行,向右飞行,向右飞行,向右飞行,向右上升飞行,平飞
1146,向右下降飞行,上升飞行,向右飞行,向右飞行,向右飞行,向右上升飞行,平飞
1147,向右下降飞行,向右上升飞行,向右飞行,向右飞行,向右飞行,向右上升飞行,平飞
1148,向右下降飞行,向右上升飞行,向右飞行,向右飞行,向右飞行,向右上升飞行,平飞
1149,向右下降飞行,向右上升飞行,向右飞行,向右飞行,向右飞行,向右上升飞行,平飞
1150,向右下降飞行,向右上升飞行,向右飞行,向右飞行,向右飞行,向右上升飞行,平飞
1151,向右下降飞行,向右上升飞行,向右飞行,向右飞行,向右飞行,向右上升飞行,平飞
1152,向右下降飞行,向右上升飞行,向右飞行,向右飞行,向右飞行,向右上升飞行,平飞
1153,向右下降飞行,向右上升飞行,向右飞行,向右飞行,向右飞行,向右上升飞行,平飞
1154,向右下降飞行,向右上升飞行,向右飞行,向右飞行,向右飞行,向右上升飞行,平飞
1155,向右下降飞行,向右上升飞行,向右飞行,向右飞行,向右飞行,向右上升飞行,平飞
1156,向右下降飞行,向右上升飞行,向右飞行,向右飞行,向右飞行,向右上升飞行,平飞
1157,向右下降飞行,向右上升飞行,向右飞行,向右飞行,向右飞行,向右上升飞行,平飞
1158,向右下降飞行,向右上升飞行,向右飞行,向右飞行,向右飞行,向右上升飞行,平飞
1159,向右下降飞行,向右下降飞行,向右飞行,向右飞行,向右飞行,向右上升飞行,平飞
1160,向右下降飞行,向右下降飞行,向右飞行,向右飞行,向右飞行,向右飞行,平飞
1161,向右上升飞行,向右下降飞行,向右飞行,向右飞行,向右飞行,向右飞行,平飞
1162,向右上升飞行,向右下降飞行,向右飞行,向右飞行,向右飞行,向右飞行,平飞
1163,向右上升飞行,向右下降飞行,向右飞行,向右飞行,向右飞行,向右飞行,平飞
1164,向右上升飞行,向右下降飞行,向右飞行,向右飞行,向右飞行,向右飞行,平飞
1165,向右上升飞行,向右下降飞行,向右飞行,向右飞行,向右飞行,向右飞行,平飞
1166,向右上升飞行,向右下降飞行,向右飞行,向右飞行,向右飞行,向右飞行,平飞
1167,向右上升飞行,向右下降飞行,向右飞行,向右飞行,向右飞行,向右飞行,平飞
1168,向右上升飞行,向右下降飞行,向右飞行,向右飞行,向右飞行,向右飞行,平飞
1169,向右上升飞行,向右下降飞行,向右飞行,向右飞行,向右飞行,向右飞行,平飞
1170,向右上升飞行,向右下降飞行,向右飞行,向右飞行,向右飞行,向右飞行,平飞
1171,向右上升飞行,向右飞行,向右飞行,向右飞行,向右飞行,向右飞行,平飞
1172,向右上升飞行,向右飞行,向右飞行,向右飞行,向右飞行,向右飞行,平飞
1173,向右上升飞行,向右飞行,向右飞行,向右飞行,平飞,向右飞行,平飞
1174,向右上升飞行,向右飞行,向右飞行,向右飞行,平飞,向右飞行,平飞
1175,向右上升飞行,向右飞行,向右飞行,向右飞行,平飞,向右飞行,平飞
1176,向右上升飞行,向右飞行,向右飞行,向右飞行,平飞,向右飞行,平飞
1177,向右上升飞行,向右飞行,向右飞行,向右飞行,平飞,向右飞行,平飞
1178,向右上升飞行,向右飞行,向右飞行,向右飞行,平飞,向右飞行,平飞
1179,向右上升飞行,向右飞行,向右飞行,向右飞行,平飞,向右飞行,平飞
1180,向右上升飞行,向右飞行,向右飞行,向右飞行,平飞,向右飞行,平飞
1181,向右上升飞行,向右飞行,向右飞行,向右飞行,平飞,向右飞行,平飞
1182,向右上升飞行,向右飞行,向右飞行,向右飞行,平飞,向右飞行,平飞
1183,向右上升飞行,向右飞行,向右飞行,向右飞行,平飞,向右飞行,平飞
1184,向右上升飞行,向右飞行,向右飞行,向左下降飞行,平飞,向右飞行,平飞
1185,向右上升飞行,向右飞行,向右飞行,向左下降飞行,平飞,向右飞行,平飞
1186,向右上升飞行,向右飞行,向右飞行,向左下降飞行,平飞,向右飞行,平飞
1187,向右上升飞行,向右飞行,向右飞行,向左下降飞行,平飞,向右飞行,平飞
1188,向右上升飞行,向右飞行,向右飞行,向左下降飞行,平飞,向右飞行,平飞
1189,向右上升飞行,向右飞行,向右飞行,向左下降飞行,平飞,向右飞行,平飞
1190,向右上升飞行,向右飞行,向右飞行,向左下降飞行,平飞,向右飞行,平飞
1191,向右上升飞行,向右飞行,向右飞行,向左下降飞行,平飞,向右飞行,平飞
1192,向右上升飞行,向右飞行,向右飞行,向左下降飞行,平飞,向右飞行,平飞
1193,向右上升飞行,向右飞行,向右飞行,向左下降飞行,平飞,向右飞行,平飞
1194,向右上升飞行,向右飞行,向右飞行,向左下降飞行,平飞,向右飞行,平飞
1195,向右上升飞行,向右飞行,向右飞行,向左下降飞行,平飞,向右飞行,平飞
1196,向右上升飞行,向右飞行,向右飞行,向左下降飞行,平飞,向右飞行,平飞
1197,向右上升飞行,向右飞行,向右飞行,向左下降飞行,平飞,向右飞行,平飞
1198,向右上升飞行,向右飞行,向右飞行,向左下降飞行,平飞,向右飞行,平飞
1199,向右上升飞行,向右上升飞行,向右飞行,向左下降飞行,平飞,向右飞行,平飞
1200,向右上升飞行,向右上升飞行,向右飞行,向左下降飞行,平飞,向右飞行,平飞
1201,向右上升飞行,向右上升飞行,向右飞行,向左下降飞行,平飞,向右飞行,平飞
1202,向右上升飞行,向右上升飞行,向右飞行,向左下降飞行,向右飞行,向右飞行,平飞
1203,向右上升飞行,向右上升飞行,向右飞行,向左下降飞行,向右飞行,向右飞行,平飞
1204,向右上升飞行,向右上升飞行,向右飞行,向左下降飞行,向右飞行,向右飞行,平飞
1205,向右上升飞行,向右上升飞行,向右飞行,向左下降飞行,向右飞行,向右飞行,平飞
1206,向右上升飞行,向右上升飞行,向右飞行,向左下降飞行,向右飞行,向右飞行,平飞
1207,向右上升飞行,向右上升飞行,向右飞行,向左下降飞行,向右飞行,向右飞行,平飞
1208,向右上升飞行,向右飞行,向右飞行,向左下降飞行,向右飞行,向右飞行,平飞
1209,向右上升飞行,向右飞行,向右飞行,向左下降飞行,向右飞行,向右飞行,平飞
1210,向右上升飞行,向右飞行,向右飞行,向右上升飞行,向右飞行,向右飞行,平飞
1211,向右上升飞行,向右飞行,向右飞行,向右上升飞行,向右飞行,向右飞行,平飞
1212,向右上升飞行,向右飞行,向右飞行,向右上升飞行,平飞,向右飞行,平飞
1213,向右上升飞行,向右飞行,向右飞行,向右上升飞行,平飞,向右下降飞行,平飞
1214,向右上升飞行,向右飞行,向右飞行,向右上升飞行,平飞,向右下降飞行,平飞
1215,向右上升飞行,向右飞行,向右飞行,向右上升飞行,平飞,向右下降飞行,平飞
1216,向右上升飞行,向右飞行,向右飞行,向右上升飞行,平飞,向右下降飞行,平飞
1217,向右上升飞行,向右飞行,向右上升飞行,向右上升飞行,平飞,向右下降飞行,平飞
1218,向右上升飞行,向右飞行,向右上升飞行,向右上升飞行,平飞,向右下降飞行,平飞
1219,向右上升飞行,向右飞行,向右上升飞行,向右上升飞行,平飞,向右下降飞行,平飞
1220,向右上升飞行,向右飞行,向右上升飞行,向右上升飞行,平飞,向右下降飞行,平飞
1221,向右上升飞行,向右飞行,向右上升飞行,向右上升飞行,平飞,向右下降飞行,平飞
1222,向右上升飞行,向右飞行,向右上升飞行,向右上升飞行,平飞,向右下降飞行,平飞
1223,向右上升飞行,向右飞行,向右上升飞行,向右上升飞行,平飞,向右下降飞行,平飞
1224,向右上升飞行,向右飞行,向右上升飞行,向右上升飞行,平飞,向右下降飞行,平飞
1225,向右上升飞行,向右飞行,向右上升飞行,向右上升飞行,平飞,向右下降飞行,平飞
1226,向右上升飞行,向右飞行,向右上升飞行,向右上升飞行,平飞,向右下降飞行,平飞
1227,向右上升飞行,向左飞行,向右上升飞行,向右上升飞行,平飞,向右下降飞行,平飞
1228,向右上升飞行,向左飞行,向右上升飞行,向右上升飞行,向右飞行,向右下降飞行,平飞
1229,向右上升飞行,向左飞行,向右上升飞行,向右上升飞行,向右飞行,向右下降飞行,平飞
1230,向右上升飞行,向左飞行,向右上升飞行,向右上升飞行,向右飞行,向右下降飞行,平飞
1231,向右上升飞行,向左飞行,向右上升飞行,向右上升飞行,向右飞行,向右下降飞行,平飞
1232,向右上升飞行,向左飞行,向右上升飞行,向右上升飞行,向右飞行,向右下降飞行,平飞
1233,向右上升飞行,向左飞行,向右上升飞行,向右上升飞行,向右飞行,向右下降飞行,平飞
1234,向右上升飞行,向左飞行,向右上升飞行,向右上升飞行,平飞,向右下降飞行,平飞
1235,向右上升飞行,向左飞行,向右上升飞行,向右上升飞行,平飞,向右下降飞行,平飞
1236,向右上升飞行,向左飞行,向右上升飞行,向右上升飞行,平飞,向右下降飞行,平飞
1237,向右上升飞行,向左飞行,向右上升飞行,向右上升飞行,平飞,向右下降飞行,平飞
1238,向右上升飞行,向左飞行,向右上升飞行,向右上升飞行,平飞,向右下降飞行,平飞
1239,向右上升飞行,向左飞行,向右上升飞行,向右上升飞行,平飞,向右下降飞行,平飞
1240,向右上升飞行,向左飞行,向右上升飞行,向右上升飞行,平飞,向右下降飞行,平飞
1241,向右上升飞行,向左飞行,向右上升飞行,向右上升飞行,平飞,向右下降飞行,平飞
1242,向右上升飞行,向左飞行,向右上升飞行,向右上升飞行,平飞,向右下降飞行,平飞
1243,向右上升飞行,向左飞行,向右上升飞行,向右上升飞行,平飞,向右下降飞行,平飞
1244,向右上升飞行,向左飞行,向右上升飞行,向右上升飞行,平飞,向右下降飞行,平飞
1245,向右上升飞行,向左飞行,向右上升飞行,向右上升飞行,平飞,向右下降飞行,平飞
1246,向右上升飞行,向左飞行,向右上升飞行,向右上升飞行,平飞,向右下降飞行,平飞
1247,向右上升飞行,向左飞行,向右上升飞行,向右上升飞行,平飞,向右下降飞行,平飞
1248,向右上升飞行,向左飞行,向右上升飞行,向右上升飞行,平飞,向右下降飞行,平飞
1249,向右上升飞行,向左飞行,向右上升飞行,向右上升飞行,平飞,向右下降飞行,平飞
1250,向右上升飞行,向左下降飞行,向右上升飞行,向右上升飞行,平飞,向右下降飞行,平飞
1251,向右上升飞行,向左下降飞行,向右上升飞行,向右上升飞行,平飞,向右下降飞行,平飞
1252,向右上升飞行,向左下降飞行,向右上升飞行,向右上升飞行,平飞,向右下降飞行,平飞
1253,向右上升飞行,向左下降飞行,向右上升飞行,向右上升飞行,向左飞行,向右下降飞行,平飞
1254,向右上升飞行,向左下降飞行,向右上升飞行,向右上升飞行,向左飞行,向右下降飞行,平飞
1255,向右上升飞行,向左下降飞行,向右上升飞行,向右上升飞行,向左飞行,向右下降飞行,平飞
1256,向右上升飞行,向左下降飞行,向右上升飞行,向右上升飞行,向左飞行,向右下降飞行,平飞
1257,向右上升飞行,向左下降飞行,向右上升飞行,向右上升飞行,向左飞行,向右下降飞行,平飞
1258,向右上升飞行,向左下降飞行,向右上升飞行,向右上升飞行,向左飞行,向右下降飞行,平飞
1259,向右上升飞行,向左下降飞行,向右上升飞行,向右上升飞行,向左飞行,向右下降飞行,平飞
1260,向右上升飞行,向左下降飞行,向右上升飞行,向右上升飞行,向右飞行,向右下降飞行,平飞
1261,向右上升飞行,向左下降飞行,向右上升飞行,向右上升飞行,向右飞行,向右下降飞行,平飞
1262,向右上升飞行,向左下降飞行,平飞,向右上升飞行,向右飞行,向右下降飞行,平飞
1263,向右上升飞行,向左下降飞行,平飞,向右上升飞行,向右飞行,向右下降飞行,平飞
1264,向右上升飞行,向左下降飞行,平飞,向右上升飞行,向右飞行,向右下降飞行,平飞
1265,向右上升飞行,向左下降飞行,平飞,向右上升飞行,向右飞行,向右下降飞行,平飞
1266,向右上升飞行,向左下降飞行,平飞,向右上升飞行,向右飞行,向右下降飞行,平飞
1267,向右上升飞行,向右飞行,平飞,向右上升飞行,向右飞行,向右下降飞行,平飞
1268,向右上升飞行,向右飞行,平飞,向右上升飞行,向右飞行,向右下降飞行,平飞
1269,向右上升飞行,向右飞行,平飞,向右上升飞行,向右飞行,向右下降飞行,平飞
1270,向右上升飞行,向右飞行,平飞,向右上升飞行,向左飞行,向右下降飞行,平飞
1271,向右上升飞行,向右飞行,平飞,向右上升飞行,向左飞行,向右下降飞行,平飞
1272,向右上升飞行,向右下降飞行,平飞,向右上升飞行,向左飞行,向右下降飞行,平飞
1273,向右上升飞行,向右下降飞行,平飞,向右上升飞行,向左飞行,向右下降飞行,平飞
1274,向右上升飞行,向右下降飞行,平飞,向左上升飞行,向左飞行,向右下降飞行,平飞
1275,向右上升飞行,向右下降飞行,平飞,向左上升飞行,向左飞行,向右下降飞行,平飞
1276,向右上升飞行,向右下降飞行,平飞,向左上升飞行,向左飞行,向右下降飞行,平飞
1277,向右上升飞行,向左上升飞行,平飞,向左上升飞行,向左飞行,向右下降飞行,平飞
1278,向右上升飞行,向左上升飞行,平飞,向左上升飞行,向左飞行,向右下降飞行,平飞
1279,向右上升飞行,向左上升飞行,平飞,向左上升飞行,向左飞行,向右下降飞行,平飞
1280,向右上升飞行,向左上升飞行,平飞,向左上升飞行,向左飞行,向右下降飞行,平飞
1281,向右上升飞行,向左上升飞行,平飞,向左上升飞行,向左飞行,向右下降飞行,平飞
1282,向右上升飞行,向左上升飞行,平飞,向左上升飞行,向左飞行,向右下降飞行,平飞
1283,向右上升飞行,向左上升飞行,平飞,向左上升飞行,向左飞行,向右下降飞行,平飞
1284,向右上升飞行,向左上升飞行,平飞,向左上升飞行,向左飞行,向右下降飞行,平飞
1285,向右上升飞行,向左上升飞行,平飞,向左上升飞行,向左飞行,向右下降飞行,平飞
1286,向右上升飞行,向左上升飞行,平飞,向左上升飞行,向左飞行,向右下降飞行,平飞
1287,向右上升飞行,向左上升飞行,平飞,向左上升飞行,向左飞行,向右下降飞行,平飞
1288,向右上升飞行,向左上升飞行,平飞,向左上升飞行,平飞,向右下降飞行,平飞
1289,向右上升飞行,向左上升飞行,平飞,向左上升飞行,平飞,向右下降飞行,平飞
1290,向右上升飞行,向左上升飞行,平飞,向左上升飞行,平飞,向右下降飞行,平飞
1291,向右上升飞行,向左上升飞行,平飞,向左上升飞行,平飞,向右下降飞行,平飞
1292,向右上升飞行,向左上升飞行,平飞,向左上升飞行,平飞,向右下降飞行,平飞
1293,向右上升飞行,向左上升飞行,平飞,向左上升飞行,平飞,向右下降飞行,平飞
1294,向右上升飞行,向左上升飞行,平飞,向左上升飞行,平飞,向右下降飞行,平飞
1295,向右上升飞行,向左上升飞行,平飞,向左上升飞行,平飞,向右下降飞行,平飞
1296,向右上升飞行,向左上升飞行,平飞,向左上升飞行,平飞,向右下降飞行,平飞
1297,向右上升飞行,向左上升飞行,平飞,向左上升飞行,平飞,向右下降飞行,平飞
1298,向右上升飞行,向左上升飞行,平飞,向右飞行,平飞,向右下降飞行,平飞
1299,向右上升飞行,向左上升飞行,平飞,向右飞行,平飞,向右下降飞行,平飞
1300,向右上升飞行,向左上升飞行,平飞,向右飞行,平飞,向右下降飞行,平飞
1301,向右上升飞行,向左上升飞行,平飞,向右飞行,平飞,向右下降飞行,平飞
1302,向右上升飞行,向左上升飞行,平飞,向右上升飞行,平飞,向右下降飞行,平飞
1303,向右上升飞行,向左上升飞行,平飞,向右上升飞行,平飞,向右下降飞行,平飞
1304,向右上升飞行,向左上升飞行,平飞,向右上升飞行,平飞,向右下降飞行,平飞
1305,向右上升飞行,向左上升飞行,平飞,向右上升飞行,平飞,向右下降飞行,平飞
1306,向右上升飞行,向左上升飞行,平飞,向右上升飞行,平飞,向右下降飞行,平飞
1307,向右上升飞行,向左上升飞行,平飞,向右上升飞行,平飞,向右下降飞行,平飞
1308,向右上升飞行,向左上升飞行,平飞,向右上升飞行,平飞,向右下降飞行,平飞
1309,向右上升飞行,向左上升飞行,平飞,向右上升飞行,平飞,向右下降飞行,平飞
1310,向右上升飞行,向左上升飞行,平飞,向右上升飞行,平飞,向右下降飞行,平飞
1311,向右上升飞行,向左上升飞行,平飞,向右上升飞行,平飞,向右下降飞行,平飞
1312,向右上升飞行,向左上升飞行,平飞,向右上升飞行,平飞,向右下降飞行,平飞
1313,向右上升飞行,向左上升飞行,平飞,向右上升飞行,平飞,向右下降飞行,平飞
1314,向右上升飞行,向左上升飞行,平飞,向右上升飞行,平飞,向右下降飞行,平飞
1315,向右上升飞行,向左上升飞行,平飞,向右上升飞行,平飞,向右下降飞行,平飞
1316,向右上升飞行,向左上升飞行,平飞,向右上升飞行,平飞,向右下降飞行,平飞
1317,向右上升飞行,向左上升飞行,平飞,向右上升飞行,平飞,向右下降飞行,平飞
1318,向右上升飞行,向左上升飞行,平飞,向右上升飞行,平飞,向右下降飞行,平飞
1319,向右上升飞行,向左上升飞行,平飞,向右上升飞行,平飞,向右下降飞行,平飞
1320,向右上升飞行,向左上升飞行,平飞,向右上升飞行,平飞,向右下降飞行,平飞
1321,向右上升飞行,向左上升飞行,平飞,向右上升飞行,平飞,向右下降飞行,平飞
1322,向右上升飞行,向左上升飞行,平飞,向右上升飞行,平飞,向右下降飞行,平飞
1323,向右上升飞行,向左上升飞行,平飞,向右上升飞行,平飞,向右下降飞行,平飞
1324,向右上升飞行,向左上升飞行,平飞,向右上升飞行,向左飞行,向右下降飞行,平飞
1325,向右上升飞行,向左上升飞行,平飞,向右上升飞行,向左飞行,向右下降飞行,平飞
1326,向右上升飞行,向左上升飞行,平飞,向右上升飞行,向左飞行,向右下降飞行,平飞
1327,向右上升飞行,向左上升飞行,平飞,向右上升飞行,向左飞行,向右下降飞行,平飞
1328,向右上升飞行,向左上升飞行,平飞,向右上升飞行,向左飞行,向右下降飞行,平飞
1329,向右上升飞行,向左上升飞行,平飞,向右上升飞行,向左飞行,向右下降飞行,平飞
1330,向右上升飞行,向左上升飞行,平飞,向右上升飞行,向左飞行,向右下降飞行,平飞
1331,向右上升飞行,向左上升飞行,平飞,向右上升飞行,向左飞行,向右下降飞行,平飞
1332,向右上升飞行,向左上升飞行,平飞,向右上升飞行,向左飞行,向右下降飞行,平飞
1333,向右上升飞行,向左上升飞行,平飞,向右上升飞行,向左飞行,向右下降飞行,平飞
1334,向右上升飞行,向左上升飞行,平飞,向右上升飞行,向左飞行,向右下降飞行,平飞
1335,向右上升飞行,向左上升飞行,平飞,向右上升飞行,向左飞行,向右下降飞行,平飞
1336,向右上升飞行,向左上升飞行,平飞,向右上升飞行,向左飞行,向右下降飞行,平飞
1337,向右上升飞行,向左上升飞行,平飞,向右上升飞行,向左飞行,向右下降飞行,平飞
1338,向右上升飞行,向左上升飞行,平飞,向右上升飞行,平飞,向右下降飞行,平飞
1339,向右上升飞行,向左上升飞行,平飞,向右上升飞行,平飞,向右下降飞行,平飞
1340,向右上升飞行,向左上升飞行,平飞,向右上升飞行,平飞,向右下降飞行,平飞
1341,向右上升飞行,向左上升飞行,平飞,向右上升飞行,平飞,向右下降飞行,平飞
1342,向右上升飞行,向左上升飞行,平飞,向右上升飞行,平飞,向右下降飞行,平飞
1343,向右上升飞行,向左上升飞行,平飞,向右上升飞行,平飞,向右下降飞行,平飞
1344,向右上升飞行,向左上升飞行,平飞,向右上升飞行,平飞,向右下降飞行,平飞
1345,向右上升飞行,向左上升飞行,平飞,向右上升飞行,平飞,向右下降飞行,平飞
1346,向右上升飞行,向左上升飞行,平飞,向右上升飞行,平飞,向右下降飞行,平飞
1347,向右上升飞行,向左上升飞行,平飞,向右上升飞行,平飞,向右下降飞行,平飞
1348,向右上升飞行,向左上升飞行,平飞,向右上升飞行,平飞,向右下降飞行,平飞
1349,向右上升飞行,向左上升飞行,平飞,向右上升飞行,平飞,向右下降飞行,平飞
1350,向右上升飞行,向左上升飞行,平飞,向右上升飞行,平飞,向右下降飞行,平飞
1351,向右上升飞行,向左上升飞行,平飞,向右上升飞行,平飞,向右下降飞行,平飞
1352,向右上升飞行,向左上升飞行,平飞,向右上升飞行,平飞,向右下降飞行,平飞
1353,向右上升飞行,向左上升飞行,平飞,向右上升飞行,平飞,向右下降飞行,平飞
1354,向右上升飞行,向左上升飞行,平飞,向右上升飞行,平飞,向右下降飞行,平飞
1355,向右上升飞行,向左上升飞行,平飞,向右上升飞行,平飞,向右下降飞行,平飞
1356,向右上升飞行,向左上升飞行,平飞,向右上升飞行,平飞,向右下降飞行,平飞
1357,向右上升飞行,向左上升飞行,平飞,向右上升飞行,平飞,向右下降飞行,平飞
1358,向右上升飞行,向左上升飞行,平飞,向右上升飞行,平飞,向右下降飞行,平飞
1359,向右上升飞行,向左上升飞行,平飞,向右上升飞行,平飞,向右下降飞行,平飞
1360,向右上升飞行,向左上升飞行,平飞,向右上升飞行,平飞,向右下降飞行,平飞
1361,向右上升飞行,向左上升飞行,平飞,向右上升飞行,平飞,向右下降飞行,平飞
1362,向右上升飞行,向左上升飞行,平飞,向右上升飞行,平飞,向右下降飞行,平飞
1363,向右上升飞行,向左上升飞行,平飞,向右上升飞行,平飞,向右下降飞行,平飞
1364,向右上升飞行,向左上升飞行,平飞,向右上升飞行,平飞,向右下降飞行,平飞
1365,向右上升飞行,向左上升飞行,平飞,向右上升飞行,平飞,向右下降飞行,平飞
1366,向右上升飞行,向左上升飞行,平飞,向右上升飞行,平飞,向右下降飞行,平飞
1367,向右上升飞行,向左上升飞行,平飞,向右上升飞行,平飞,向右下降飞行,平飞
1368,向右上升飞行,向左上升飞行,向左下降飞行,向右上升飞行,平飞,向右下降飞行,平飞
1369,向右上升飞行,向左上升飞行,向左下降飞行,向右上升飞行,平飞,向右下降飞行,平飞
1370,向右上升飞行,向左上升飞行,向左下降飞行,向右上升飞行,平飞,向右下降飞行,平飞
1371,向右上升飞行,向左上升飞行,向左下降飞行,向右上升飞行,平飞,向右下降飞行,平飞
1372,向右上升飞行,向左上升飞行,向右上升飞行,向右上升飞行,平飞,向右下降飞行,平飞
1373,向右上升飞行,向左上升飞行,向右上升飞行,向右上升飞行,平飞,向右下降飞行,平飞
1374,向右上升飞行,向左上升飞行,向右上升飞行,向右上升飞行,平飞,向右下降飞行,平飞
1375,向右上升飞行,向左上升飞行,向右上升飞行,向右上升飞行,平飞,向右下降飞行,平飞
1376,向右上升飞行,向左下降飞行,向右上升飞行,向右上升飞行,平飞,向右下降飞行,平飞
1377,向右上升飞行,向左下降飞行,向右上升飞行,向右上升飞行,平飞,向右下降飞行,平飞
1378,向右上升飞行,向左下降飞行,向右上升飞行,向右上升飞行,平飞,向右下降飞行,平飞
1379,向右上升飞行,向左下降飞行,向右上升飞行,向右上升飞行,平飞,向右下降飞行,平飞
1380,向右上升飞行,向左下降飞行,向右上升飞行,向右上升飞行,平飞,向右下降飞行,平飞
1381,向右上升飞行,向左下降飞行,向右上升飞行,向右上升飞行,平飞,向右下降飞行,平飞
1382,向右上升飞行,向左下降飞行,向右上升飞行,向右上升飞行,平飞,向右下降飞行,平飞
1383,向右上升飞行,向左下降飞行,向右上升飞行,向右上升飞行,平飞,向右下降飞行,平飞
1384,向右上升飞行,向左下降飞行,向右上升飞行,向右上升飞行,平飞,向右下降飞行,平飞
1385,向右上升飞行,向左下降飞行,向右上升飞行,向右上升飞行,平飞,向右下降飞行,平飞
1386,向右上升飞行,向左下降飞行,向右上升飞行,向右上升飞行,平飞,向右下降飞行,平飞
1387,向右上升飞行,向左下降飞行,向右上升飞行,向右上升飞行,平飞,向右下降飞行,平飞
1388,向右上升飞行,向左下降飞行,向右上升飞行,向右上升飞行,平飞,向右下降飞行,平飞
1389,向右上升飞行,向左下降飞行,向右上升飞行,向右上升飞行,平飞,向右下降飞行,平飞
1390,向右上升飞行,向左下降飞行,向右上升飞行,向右上升飞行,平飞,向右下降飞行,平飞
1391,向右上升飞行,向左下降飞行,向右上升飞行,向右上升飞行,平飞,向右下降飞行,平飞
1392,向右上升飞行,向左下降飞行,向右上升飞行,向右上升飞行,平飞,向右下降飞行,平飞
1393,向右上升飞行,向左下降飞行,向右上升飞行,向右上升飞行,平飞,向右下降飞行,平飞
1394,向右上升飞行,向左下降飞行,平飞,向右上升飞行,平飞,向右下降飞行,平飞
1395,向右上升飞行,向左下降飞行,平飞,向右上升飞行,平飞,向右下降飞行,平飞
1396,向右上升飞行,向左下降飞行,平飞,向右下降飞行,平飞,向右下降飞行,平飞
1397,向右上升飞行,向左下降飞行,平飞,向右下降飞行,平飞,向右下降飞行,平飞
1398,向右上升飞行,向左下降飞行,平飞,向右下降飞行,平飞,向右下降飞行,平飞
1399,向右上升飞行,向左下降飞行,平飞,向右下降飞行,平飞,向右下降飞行,平飞
1400,向右上升飞行,向左下降飞行,平飞,向右下降飞行,平飞,向右下降飞行,平飞
1401,向右上升飞行,向左下降飞行,平飞,向右下降飞行,平飞,向右下降飞行,平飞
1402,向右上升飞行,向左下降飞行,平飞,向右下降飞行,平飞,向右下降飞行,平飞
1403,向右上升飞行,向左下降飞行,平飞,向右下降飞行,平飞,向右下降飞行,平飞
1404,向右上升飞行,向左下降飞行,平飞,向右下降飞行,平飞,向右下降飞行,平飞
1405,向右上升飞行,向左下降飞行,向左下降飞行,向右下降飞行,平飞,向右下降飞行,平飞
1406,向右上升飞行,向左下降飞行,向左下降飞行,向右下降飞行,平飞,向右下降飞行,平飞
1407,向右上升飞行,向左下降飞行,向左下降飞行,向右下降飞行,平飞,向右上升飞行,平飞
1408,向右上升飞行,向左下降飞行,向左下降飞行,向右下降飞行,平飞,向右上升飞行,平飞
1409,向右上升飞行,向左下降飞行,向左下降飞行,向右下降飞行,向左飞行,向右上升飞行,平飞
1410,向右上升飞行,向左下降飞行,向左下降飞行,向右下降飞行,向左飞行,向右上升飞行,平飞
1411,向右上升飞行,向左下降飞行,向左下降飞行,向右下降飞行,向左飞行,向右上升飞行,平飞
1412,向右上升飞行,向左下降飞行,向左下降飞行,向右下降飞行,向左飞行,向右上升飞行,平飞
1413,向右上升飞行,向左下降飞行,向左下降飞行,向右下降飞行,向左飞行,向右上升飞行,平飞
1414,向右上升飞行,向左下降飞行,向左下降飞行,向右下降飞行,向左飞行,向右上升飞行,平飞
1415,向右上升飞行,向左下降飞行,向左下降飞行,向右下降飞行,向左飞行,向右上升飞行,平飞
1416,向右上升飞行,向左下降飞行,向左下降飞行,向右下降飞行,向左飞行,向右上升飞行,平飞
1417,向右上升飞行,向左下降飞行,向左下降飞行,向右下降飞行,向右飞行,向右上升飞行,平飞
1418,向右上升飞行,向左下降飞行,向左下降飞行,向右下降飞行,向右飞行,向右上升飞行,平飞
1419,向右上升飞行,向左下降飞行,向左下降飞行,向右下降飞行,向右飞行,向右上升飞行,平飞
1420,向右上升飞行,向左下降飞行,向左下降飞行,向右下降飞行,向右飞行,向右上升飞行,平飞
1421,向右上升飞行,向左下降飞行,向左下降飞行,向右下降飞行,向右飞行,向右上升飞行,平飞
1422,向右上升飞行,向左下降飞行,向左下降飞行,向右下降飞行,向右飞行,向右上升飞行,平飞
1423,向右上升飞行,向左下降飞行,向左下降飞行,向右下降飞行,向右飞行,向右上升飞行,平飞
1424,向右上升飞行,向左下降飞行,向左下降飞行,向右下降飞行,向右飞行,向右上升飞行,平飞
1425,向右上升飞行,向左下降飞行,向左下降飞行,向右下降飞行,向右飞行,向右上升飞行,平飞
1426,向右上升飞行,向左下降飞行,向左下降飞行,向右下降飞行,向右飞行,向右上升飞行,平飞
1427,向右上升飞行,向左下降飞行,向左下降飞行,向右下降飞行,向右飞行,向右上升飞行,平飞
1428,向右上升飞行,向左下降飞行,向左下降飞行,向右下降飞行,向右飞行,向右上升飞行,平飞
1429,向右上升飞行,向左下降飞行,向左下降飞行,向右下降飞行,向右飞行,向右上升飞行,平飞
1430,向右上升飞行,向左下降飞行,向左下降飞行,向右上升飞行,向右飞行,向右上升飞行,平飞
1431,向右上升飞行,向左下降飞行,向左下降飞行,向右上升飞行,向右飞行,向右上升飞行,平飞
1432,向右上升飞行,向左下降飞行,向左下降飞行,向右上升飞行,向右飞行,向右上升飞行,平飞
1433,向右上升飞行,向左下降飞行,向左下降飞行,向右上升飞行,向右飞行,向右上升飞行,平飞
1434,向右上升飞行,向左下降飞行,向左下降飞行,向右上升飞行,向右飞行,向右上升飞行,平飞
1435,向右上升飞行,向左下降飞行,向左下降飞行,向右上升飞行,向右飞行,向右上升飞行,平飞
1436,向右上升飞行,向左下降飞行,向左下降飞行,向右上升飞行,向右飞行,向右上升飞行,平飞
1437,向右上升飞行,向左下降飞行,向左下降飞行,向右上升飞行,向右飞行,向右上升飞行,平飞
1438,向右上升飞行,向左下降飞行,向左下降飞行,向右上升飞行,向右飞行,向右上升飞行,平飞
1439,向右上升飞行,向左下降飞行,向左下降飞行,向右上升飞行,向右飞行,向右上升飞行,平飞
1440,向右上升飞行,向左下降飞行,向左下降飞行,向右上升飞行,向右飞行,向右上升飞行,平飞
1441,向右上升飞行,向左下降飞行,向左下降飞行,向右上升飞行,向右飞行,向右上升飞行,平飞
1442,向右上升飞行,向左下降飞行,向左下降飞行,向右上升飞行,向右飞行,向右上升飞行,平飞
1443,向右上升飞行,向左下降飞行,向左下降飞行,向右上升飞行,向右飞行,向右上升飞行,平飞
1444,向右上升飞行,向左下降飞行,向左下降飞行,向右上升飞行,平飞,向右上升飞行,平飞
1445,向右上升飞行,向左下降飞行,向左下降飞行,向右上升飞行,平飞,向右上升飞行,平飞
1446,向右上升飞行,向左下降飞行,向左下降飞行,向右上升飞行,平飞,向右上升飞行,平飞
1447,向右上升飞行,向左下降飞行,向左下降飞行,向右上升飞行,平飞,向右上升飞行,平飞
1448,向右上升飞行,向左下降飞行,向左下降飞行,向右上升飞行,平飞,向右上升飞行,平飞
1449,向右上升飞行,向左下降飞行,向左下降飞行,向右上升飞行,平飞,向右上升飞行,平飞
1450,向右上升飞行,向左下降飞行,向左下降飞行,向右上升飞行,平飞,向右上升飞行,平飞
1451,向右上升飞行,向左下降飞行,向左下降飞行,向右上升飞行,平飞,向右上升飞行,平飞
1452,向右上升飞行,向左下降飞行,向左下降飞行,向右上升飞行,平飞,向右上升飞行,平飞
1453,向右上升飞行,向左下降飞行,向左下降飞行,向右上升飞行,平飞,向右上升飞行,平飞
1454,向右上升飞行,向左下降飞行,向左下降飞行,向右上升飞行,平飞,向右上升飞行,平飞
1455,向右上升飞行,向左下降飞行,向左下降飞行,向右上升飞行,平飞,向右上升飞行,平飞
1456,向右上升飞行,向左下降飞行,向左下降飞行,向右上升飞行,平飞,向右上升飞行,平飞
1457,向右上升飞行,向左下降飞行,向左下降飞行,向右上升飞行,平飞,向右上升飞行,平飞
1458,向右上升飞行,向左下降飞行,向右下降飞行,向右上升飞行,平飞,向右上升飞行,平飞
1459,向右上升飞行,向左下降飞行,向右下降飞行,向右上升飞行,平飞,向右上升飞行,平飞
1460,向右上升飞行,向左下降飞行,向右下降飞行,向右上升飞行,平飞,向右上升飞行,平飞
1461,向右上升飞行,向左下降飞行,向右下降飞行,向右上升飞行,平飞,向右上升飞行,平飞
1462,向右上升飞行,向左下降飞行,向右下降飞行,向右上升飞行,平飞,向右上升飞行,平飞
1463,平飞,向左下降飞行,向右下降飞行,向右上升飞行,平飞,向右上升飞行,平飞
1464,平飞,向左下降飞行,向右下降飞行,向右上升飞行,平飞,向右上升飞行,平飞
1465,平飞,向左下降飞行,向右下降飞行,向右上升飞行,平飞,向右上升飞行,平飞
1466,平飞,向左下降飞行,向右下降飞行,向右上升飞行,平飞,向右上升飞行,平飞
1467,平飞,向左下降飞行,向右下降飞行,向右上升飞行,平飞,向右上升飞行,平飞
1468,平飞,向左下降飞行,向右下降飞行,向右上升飞行,平飞,向右上升飞行,平飞
1469,平飞,向左下降飞行,向右下降飞行,向右上升飞行,平飞,向右上升飞行,平飞
1470,平飞,向左下降飞行,向右下降飞行,向右上升飞行,平飞,向右上升飞行,平飞
1471,平飞,向左下降飞行,向右下降飞行,向右上升飞行,平飞,向右上升飞行,平飞
1472,平飞,向左下降飞行,向右下降飞行,向右上升飞行,平飞,向右上升飞行,平飞
1473,平飞,向左下降飞行,向右下降飞行,向右上升飞行,平飞,向右上升飞行,平飞
1474,平飞,向左下降飞行,上升飞行,向右上升飞行,平飞,向右上升飞行,平飞
1475,平飞,向左下降飞行,上升飞行,向右上升飞行,平飞,向右上升飞行,平飞
1476,平飞,向左下降飞行,上升飞行,向右上升飞行,平飞,向右上升飞行,平飞
1477,平飞,向左下降飞行,上升飞行,向右上升飞行,平飞,向右上升飞行,平飞
1478,平飞,向左下降飞行,上升飞行,向右上升飞行,平飞,向右上升飞行,平飞
1479,平飞,向左下降飞行,上升飞行,向右上升飞行,平飞,向右上升飞行,平飞
1480,平飞,向左下降飞行,上升飞行,向右上升飞行,平飞,向右上升飞行,平飞
1481,平飞,向左下降飞行,平飞,向右上升飞行,平飞,向右上升飞行,平飞
1482,平飞,向左下降飞行,平飞,向右上升飞行,平飞,向右上升飞行,平飞
1483,平飞,向左下降飞行,平飞,向右上升飞行,平飞,向右上升飞行,平飞
1484,平飞,向左下降飞行,平飞,向右上升飞行,平飞,向右上升飞行,平飞
1485,平飞,向左下降飞行,平飞,向右上升飞行,平飞,向右上升飞行,平飞
1486,平飞,向左下降飞行,平飞,向右上升飞行,平飞,向右上升飞行,平飞
1487,平飞,向左下降飞行,平飞,向右上升飞行,平飞,向右上升飞行,平飞
1488,平飞,向左下降飞行,平飞,向右上升飞行,平飞,向右上升飞行,平飞
1489,平飞,向左上升飞行,平飞,向右上升飞行,平飞,向右上升飞行,平飞
1490,平飞,向左上升飞行,平飞,向右上升飞行,平飞,向右上升飞行,平飞
1491,平飞,向左上升飞行,平飞,向右上升飞行,平飞,向右上升飞行,平飞
1492,平飞,向左上升飞行,平飞,向右上升飞行,平飞,向右上升飞行,平飞
1493,平飞,向左上升飞行,平飞,向右上升飞行,平飞,向右上升飞行,平飞
1494,平飞,向左上升飞行,平飞,向右上升飞行,平飞,向右上升飞行,平飞
1495,平飞,向左上升飞行,平飞,向右上升飞行,平飞,向右上升飞行,平飞
1496,平飞,向左上升飞行,平飞,向右上升飞行,平飞,向右上升飞行,平飞
1497,平飞,向左上升飞行,平飞,向右上升飞行,平飞,向右上升飞行,平飞
1498,平飞,向左上升飞行,平飞,向右上升飞行,平飞,向右上升飞行,平飞
1499,平飞,向左上升飞行,平飞,向右上升飞行,向右飞行,向右上升飞行,平飞
1500,平飞,向左上升飞行,平飞,向右上升飞行,向右飞行,向右上升飞行,平飞
1501,平飞,向左上升飞行,平飞,向右上升飞行,向右飞行,向右上升飞行,平飞
1502,平飞,向右下降飞行,平飞,向右上升飞行,向右飞行,向右上升飞行,平飞
1503,向右飞行,向右下降飞行,平飞,向右上升飞行,向右飞行,向右上升飞行,平飞
1504,向右飞行,向右下降飞行,平飞,向右上升飞行,向右飞行,向右上升飞行,平飞
1505,向右飞行,向右下降飞行,平飞,向右上升飞行,向右飞行,向右上升飞行,平飞
1506,向右飞行,向右下降飞行,平飞,向右上升飞行,向右飞行,向右上升飞行,平飞
1507,向右飞行,向右下降飞行,平飞,向右上升飞行,平飞,向右上升飞行,平飞
1508,向右飞行,向右下降飞行,平飞,向右上升飞行,平飞,向右上升飞行,平飞
1509,向右飞行,向右下降飞行,平飞,向右上升飞行,平飞,向右上升飞行,平飞
1510,向右飞行,向右下降飞行,平飞,向右上升飞行,平飞,向右上升飞行,平飞
1511,向右飞行,向右下降飞行,平飞,向右上升飞行,平飞,向右上升飞行,平飞
1512,向右飞行,向右下降飞行,平飞,向右上升飞行,平飞,向右上升飞行,平飞
1513,向右飞行,向右下降飞行,平飞,向右上升飞行,平飞,向右上升飞行,平飞
1514,向右飞行,向右下降飞行,平飞,向右上升飞行,平飞,向右上升飞行,平飞
1515,向右飞行,向右下降飞行,平飞,向右上升飞行,平飞,向右上升飞行,平飞
1516,向右飞行,向右下降飞行,平飞,向右上升飞行,平飞,向右上升飞行,平飞
1517,向右飞行,向右下降飞行,平飞,向右上升飞行,平飞,向右上升飞行,平飞
1518,向右飞行,向右下降飞行,平飞,向右上升飞行,向右飞行,向右上升飞行,平飞
1519,向右飞行,向右下降飞行,平飞,向右上升飞行,向右飞行,向右上升飞行,平飞
1520,向右飞行,向右下降飞行,平飞,向右上升飞行,向右飞行,向右上升飞行,平飞
1521,向右飞行,向右下降飞行,向右飞行,向右上升飞行,向右飞行,向右上升飞行,平飞
1522,向右飞行,向右下降飞行,向右飞行,向右上升飞行,向右飞行,向右上升飞行,平飞
1523,向右飞行,向右下降飞行,向右飞行,向右上升飞行,向右飞行,向右上升飞行,平飞
1524,向右飞行,向右下降飞行,向右飞行,向右上升飞行,向右飞行,向右上升飞行,平飞
1525,向右飞行,向右下降飞行,向右飞行,向右上升飞行,向右飞行,向右上升飞行,平飞
1526,向右飞行,向右下降飞行,向右飞行,向右上升飞行,向右飞行,向右上升飞行,平飞
1527,向右飞行,向右上升飞行,向右飞行,向右上升飞行,向右飞行,向右上升飞行,平飞
1528,向右飞行,向右上升飞行,向右飞行,向右上升飞行,向右飞行,向右上升飞行,平飞
1529,向右飞行,向右上升飞行,向右飞行,向右上升飞行,向右飞行,向右上升飞行,平飞
1530,向右飞行,向右上升飞行,向右飞行,向右上升飞行,向右飞行,向右上升飞行,平飞
1531,向右飞行,向右下降飞行,向右飞行,向右上升飞行,向右飞行,向右上升飞行,平飞
1532,向右飞行,向右下降飞行,向右飞行,向右上升飞行,向右飞行,向右上升飞行,平飞
1533,向右飞行,向右下降飞行,向右飞行,向右上升飞行,向右飞行,向右上升飞行,平飞
1534,向右飞行,向右下降飞行,向右飞行,向右上升飞行,向右飞行,向右上升飞行,平飞
1535,向右飞行,向右下降飞行,向右飞行,向右上升飞行,平飞,向右上升飞行,平飞
1536,向右飞行,向右下降飞行,向右飞行,向右上升飞行,平飞,向右上升飞行,平飞
1537,向右飞行,向右上升飞行,向右飞行,向右上升飞行,平飞,向右上升飞行,平飞
1538,向右飞行,向右上升飞行,向右飞行,向右上升飞行,平飞,向右上升飞行,平飞
1539,向右飞行,向右上升飞行,向右飞行,向右上升飞行,平飞,向右上升飞行,平飞
1540,向右飞行,向右上升飞行,向右飞行,向右上升飞行,平飞,向右上升飞行,平飞
1541,向右飞行,向右上升飞行,向右飞行,向右上升飞行,平飞,向右上升飞行,平飞
1542,向右飞行,向左下降飞行,向右飞行,向右上升飞行,平飞,向右上升飞行,平飞
1543,向右飞行,向左下降飞行,向右飞行,向右上升飞行,平飞,向右上升飞行,平飞
1544,向右飞行,向左下降飞行,向右飞行,向右上升飞行,平飞,向右上升飞行,平飞
1545,向右飞行,向左下降飞行,向右飞行,向右上升飞行,平飞,向右上升飞行,平飞
1546,向右飞行,向左下降飞行,向右飞行,向右上升飞行,平飞,向右上升飞行,平飞
1547,向右飞行,向左下降飞行,向右飞行,向右上升飞行,平飞,向右上升飞行,平飞
1548,向右飞行,向左下降飞行,向右飞行,向右上升飞行,平飞,向右上升飞行,平飞
1549,向右飞行,向左下降飞行,向右飞行,向右上升飞行,平飞,向右上升飞行,平飞
1550,向右飞行,向左下降飞行,向右飞行,向右下降飞行,平飞,向右上升飞行,平飞
1551,向右飞行,向左下降飞行,向右飞行,向右下降飞行,平飞,向右上升飞行,平飞
1552,向右飞行,向左下降飞行,向右飞行,向右下降飞行,平飞,向右上升飞行,平飞
1553,向右飞行,向左下降飞行,向右飞行,向右下降飞行,平飞,向右上升飞行,平飞
1554,向右飞行,向左下降飞行,向右飞行,向右下降飞行,平飞,向右上升飞行,平飞
1555,向右飞行,向左下降飞行,向右飞行,向右下降飞行,平飞,向右上升飞行,平飞
1556,向右飞行,向左下降飞行,向右飞行,向右下降飞行,平飞,向右上升飞行,平飞
1557,向右飞行,向左下降飞行,向右飞行,向右下降飞行,平飞,向右上升飞行,平飞
1558,向右飞行,向左下降飞行,向右飞行,向右下降飞行,平飞,向右上升飞行,平飞
1559,平飞,向左下降飞行,向右飞行,向右下降飞行,平飞,向右上升飞行,平飞
1560,平飞,向左下降飞行,向右飞行,向右下降飞行,平飞,向右上升飞行,平飞
1561,平飞,向左下降飞行,向右飞行,向右下降飞行,平飞,向右上升飞行,平飞
1562,平飞,向左下降飞行,向右飞行,向右下降飞行,平飞,向右上升飞行,平飞
1563,平飞,向左下降飞行,向右飞行,向右下降飞行,平飞,向右上升飞行,平飞
1564,平飞,向左下降飞行,向右飞行,向右下降飞行,平飞,向右上升飞行,平飞
1565,平飞,向左下降飞行,向右飞行,向右下降飞行,平飞,向右上升飞行,平飞
1566,平飞,向左下降飞行,向右飞行,向右下降飞行,平飞,向右上升飞行,平飞
1567,平飞,向左下降飞行,向右飞行,向右下降飞行,平飞,向右上升飞行,平飞
1568,平飞,向左下降飞行,向右飞行,向右下降飞行,平飞,向右上升飞行,平飞
1569,平飞,向左下降飞行,向右飞行,向右下降飞行,平飞,向右上升飞行,平飞
1570,平飞,向左下降飞行,向右飞行,向右下降飞行,平飞,向右上升飞行,平飞
1571,平飞,向左下降飞行,向右飞行,向右下降飞行,平飞,向右上升飞行,平飞
1572,平飞,向左下降飞行,向右飞行,向右下降飞行,平飞,向右上升飞行,平飞
1573,平飞,向左下降飞行,向右飞行,向右下降飞行,平飞,向右上升飞行,平飞
1574,平飞,向左下降飞行,向右飞行,向右下降飞行,平飞,向右上升飞行,平飞
1575,平飞,向左下降飞行,向右飞行,向右下降飞行,平飞,向右上升飞行,平飞
1576,平飞,向左下降飞行,向右飞行,向右下降飞行,平飞,向右上升飞行,平飞
1577,平飞,向左下降飞行,向右飞行,向右下降飞行,平飞,向右上升飞行,平飞
1578,平飞,向左下降飞行,向右飞行,向右下降飞行,平飞,向右上升飞行,平飞
1579,平飞,向左下降飞行,向右飞行,向右下降飞行,平飞,向右上升飞行,平飞
1580,平飞,向左下降飞行,向右飞行,向右下降飞行,平飞,向右上升飞行,平飞
1581,平飞,向左下降飞行,向右飞行,向右下降飞行,平飞,向右上升飞行,平飞
1582,平飞,向左下降飞行,向右飞行,向右下降飞行,平飞,向右上升飞行,平飞
1583,平飞,向左下降飞行,向右飞行,向右下降飞行,平飞,向右上升飞行,平飞
1584,平飞,向左下降飞行,向右飞行,向右下降飞行,平飞,向右上升飞行,平飞
1585,平飞,向左下降飞行,向右飞行,向右下降飞行,平飞,向右上升飞行,平飞
1586,平飞,向左下降飞行,向右飞行,向右下降飞行,平飞,向右上升飞行,向右飞行
1587,平飞,向左下降飞行,向右飞行,向右下降飞行,平飞,向右上升飞行,向右飞行
1588,平飞,向左下降飞行,向右飞行,向右下降飞行,平飞,向右上升飞行,向右飞行
1589,平飞,向左下降飞行,向右飞行,向右下降飞行,平飞,向右上升飞行,向右飞行
1590,平飞,向左下降飞行,向右飞行,向右下降飞行,平飞,向右上升飞行,向右飞行
1591,平飞,向左下降飞行,向右飞行,向右下降飞行,平飞,向右上升飞行,向右飞行
1592,平飞,向左下降飞行,向右飞行,向右下降飞行,平飞,向右上升飞行,向右飞行
1593,平飞,向左下降飞行,向右飞行,向右下降飞行,平飞,向右上升飞行,向右飞行
1594,平飞,向左下降飞行,向右飞行,向右下降飞行,平飞,向右上升飞行,向右飞行
1595,平飞,向右下降飞行,向右飞行,向右上升飞行,平飞,向右上升飞行,向右飞行
1596,平飞,向右下降飞行,向右飞行,向右上升飞行,平飞,向右上升飞行,向右飞行
1597,平飞,向右下降飞行,向右飞行,向右上升飞行,平飞,向右上升飞行,向右飞行
1598,平飞,向右下降飞行,向右飞行,向右上升飞行,平飞,向右上升飞行,向右飞行
1599,平飞,向右下降飞行,向右飞行,向右上升飞行,平飞,向右上升飞行,向右飞行
1600,平飞,向右下降飞行,向右飞行,向右上升飞行,平飞,向右上升飞行,向右飞行
1601,平飞,向右下降飞行,向右飞行,向右上升飞行,平飞,向右上升飞行,向右飞行
1602,平飞,向右下降飞行,向右飞行,向右上升飞行,平飞,向右上升飞行,向右飞行
1603,平飞,向右下降飞行,向右飞行,向右上升飞行,平飞,向右上升飞行,向右飞行
1604,平飞,向右下降飞行,向右飞行,向右上升飞行,平飞,向右上升飞行,向右飞行
1605,平飞,向右下降飞行,向右飞行,向右上升飞行,平飞,向右上升飞行,向右飞行
1606,平飞,向右下降飞行,向右飞行,向右上升飞行,平飞,向右上升飞行,向右飞行
1607,平飞,向右下降飞行,向右飞行,向右上升飞行,平飞,向右上升飞行,向右飞行
1608,平飞,向右下降飞行,向右飞行,向右上升飞行,平飞,向右上升飞行,向右飞行
1609,平飞,向右下降飞行,向右飞行,向右上升飞行,平飞,向右上升飞行,向右飞行
1610,平飞,向右下降飞行,向右飞行,向右上升飞行,平飞,向右上升飞行,向右飞行
1611,平飞,向右下降飞行,向右飞行,向右上升飞行,平飞,向右上升飞行,向右飞行
1612,平飞,向右下降飞行,平飞,向右上升飞行,平飞,向右上升飞行,向右飞行
1613,平飞,向右下降飞行,平飞,向右上升飞行,平飞,向右上升飞行,向右飞行
1614,平飞,向右下降飞行,平飞,向右上升飞行,平飞,向右上升飞行,向右飞行
1615,平飞,向右下降飞行,平飞,向右上升飞行,平飞,向右上升飞行,向右飞行
1616,平飞,向右下降飞行,平飞,向右上升飞行,平飞,向右上升飞行,向右飞行
1617,平飞,向右下降飞行,平飞,向右上升飞行,平飞,向右上升飞行,向右飞行
1618,平飞,向右下降飞行,平飞,向右上升飞行,平飞,向右上升飞行,向右飞行
1619,向左飞行,向右下降飞行,平飞,向右上升飞行,平飞,向右上升飞行,向右飞行
1620,向左飞行,上升飞行,平飞,向右上升飞行,平飞,向右上升飞行,向右飞行
1621,向左飞行,上升飞行,平飞,向右上升飞行,平飞,向右上升飞行,向右飞行
1622,向左飞行,上升飞行,平飞,向右上升飞行,平飞,向右上升飞行,向右飞行
1623,向左飞行,上升飞行,平飞,向右上升飞行,平飞,向右上升飞行,向右飞行
1624,向左飞行,上升飞行,平飞,向右上升飞行,平飞,向右上升飞行,向右飞行
1625,向左飞行,上升飞行,平飞,向右上升飞行,平飞,向右上升飞行,向右飞行
1626,向左飞行,上升飞行,平飞,向右上升飞行,平飞,向右上升飞行,向右飞行
1627,向左飞行,上升飞行,平飞,向右上升飞行,平飞,向右上升飞行,向右飞行
1628,向左飞行,上升飞行,平飞,向右上升飞行,平飞,向右上升飞行,向右飞行
1629,向左飞行,上升飞行,平飞,向右上升飞行,平飞,向右上升飞行,向右飞行
1630,向左飞行,上升飞行,平飞,向右上升飞行,平飞,向右上升飞行,向右飞行
1631,向左飞行,上升飞行,平飞,向右上升飞行,平飞,上升飞行,向右飞行
1632,向左飞行,上升飞行,平飞,向右上升飞行,平飞,上升飞行,向右飞行
1633,向左飞行,向左上升飞行,平飞,向右上升飞行,平飞,上升飞行,向右飞行
1634,向左飞行,向左上升飞行,平飞,向右上升飞行,平飞,上升飞行,向右飞行
1635,向左飞行,向左上升飞行,平飞,向右上升飞行,平飞,上升飞行,向右飞行
1636,向左飞行,向左上升飞行,平飞,向右上升飞行,平飞,上升飞行,向右飞行
1637,向左飞行,向左上升飞行,平飞,向右上升飞行,平飞,上升飞行,向右飞行
1638,向左飞行,向左上升飞行,平飞,向右上升飞行,平飞,上升飞行,向右飞行
1639,向左飞行,向左上升飞行,平飞,向右上升飞行,平飞,上升飞行,向右飞行
1640,向左飞行,向左上升飞行,平飞,向右下降飞行,平飞,上升飞行,向右飞行
1641,向左飞行,向左上升飞行,平飞,向右下降飞行,平飞,上升飞行,向右飞行
1642,向左飞行,向左上升飞行,平飞,向右下降飞行,平飞,上升飞行,向右飞行
1643,向左飞行,向左上升飞行,平飞,向右下降飞行,平飞,平飞,向右飞行
1644,向左飞行,向左上升飞行,平飞,向右下降飞行,平飞,平飞,向右飞行
1645,向左飞行,向左上升飞行,平飞,向右下降飞行,平飞,平飞,向右飞行
1646,向左飞行,向左上升飞行,平飞,向右下降飞行,平飞,平飞,向右飞行
1647,向左飞行,向左上升飞行,平飞,向右下降飞行,平飞,平飞,向右飞行
1648,向左飞行,向左上升飞行,平飞,向右下降飞行,平飞,平飞,向右飞行
1649,向左飞行,向左上升飞行,平飞,向右下降飞行,平飞,平飞,向右飞行
1650,向左飞行,向左上升飞行,平飞,向右下降飞行,平飞,平飞,向右飞行
1651,向左飞行,向左上升飞行,平飞,向右下降飞行,平飞,平飞,向右飞行
1652,向左飞行,向左上升飞行,平飞,向右下降飞行,平飞,平飞,向右飞行
1653,向左飞行,向左上升飞行,平飞,向右下降飞行,平飞,平飞,向右飞行
1654,向左飞行,向左上升飞行,平飞,向右下降飞行,平飞,平飞,向右飞行
1655,向左飞行,向左上升飞行,平飞,向右下降飞行,平飞,平飞,向右飞行
1656,向右上升飞行,向左上升飞行,平飞,向右下降飞行,平飞,平飞,向右飞行
1657,向右上升飞行,向左上升飞行,平飞,向右下降飞行,平飞,平飞,向右飞行
1658,向右上升飞行,向左上升飞行,平飞,向右下降飞行,平飞,平飞,向右飞行
1659,向右上升飞行,向左上升飞行,平飞,向右下降飞行,平飞,平飞,向右飞行
1660,向右上升飞行,向左上升飞行,平飞,向右下降飞行,平飞,平飞,向右飞行
1661,向右上升飞行,向左上升飞行,平飞,向右下降飞行,平飞,平飞,向右飞行
1662,向右上升飞行,向左上升飞行,平飞,向右下降飞行,平飞,平飞,向右飞行
1663,向右上升飞行,向左上升飞行,平飞,向右下降飞行,平飞,平飞,向右飞行
1664,向右上升飞行,向左上升飞行,平飞,向右下降飞行,平飞,平飞,向右飞行
1665,向右上升飞行,向左上升飞行,平飞,向右下降飞行,平飞,平飞,向右飞行
1666,向右上升飞行,向左上升飞行,平飞,向右下降飞行,平飞,平飞,向右飞行
1667,向右下降飞行,向左上升飞行,平飞,向右下降飞行,平飞,平飞,向右飞行
1668,向右下降飞行,向左上升飞行,平飞,向右下降飞行,平飞,平飞,向右飞行
1669,向右下降飞行,向左上升飞行,平飞,向右下降飞行,平飞,平飞,向右飞行
1670,向右下降飞行,向左飞行,平飞,向右下降飞行,平飞,平飞,向右飞行
1671,向右下降飞行,向左飞行,平飞,向右下降飞行,平飞,平飞,向右飞行
1672,向右下降飞行,向左飞行,平飞,向右下降飞行,向右飞行,向右下降飞行,向右飞行
1673,向右下降飞行,向左飞行,平飞,向右下降飞行,向右飞行,向右下降飞行,向右飞行
1674,向右下降飞行,向左飞行,平飞,向左下降飞行,向右飞行,向右下降飞行,向右飞行
1675,向右下降飞行,向左飞行,平飞,向左下降飞行,向右飞行,向右下降飞行,向右飞行
1676,向右下降飞行,向左飞行,平飞,向左下降飞行,向右飞行,向右下降飞行,向右飞行
1677,向右下降飞行,向左下降飞行,平飞,向左下降飞行,向右飞行,向右下降飞行,向右飞行
1678,向右下降飞行,向左下降飞行,平飞,向左下降飞行,向右飞行,向右下降飞行,向右飞行
1679,向右下降飞行,向左下降飞行,平飞,向左下降飞行,向右飞行,向右下降飞行,向右飞行
1680,向右下降飞行,向左下降飞行,平飞,向左下降飞行,向右飞行,向右下降飞行,向右飞行
1681,向右下降飞行,向左下降飞行,平飞,向左下降飞行,向右飞行,向右下降飞行,向右飞行
1682,向右下降飞行,向左下降飞行,平飞,向左下降飞行,向右飞行,向右下降飞行,向右飞行
1683,向右下降飞行,向左下降飞行,平飞,向左下降飞行,向右飞行,向右下降飞行,向右飞行
1684,向右下降飞行,向左下降飞行,平飞,向左下降飞行,向右飞行,向右下降飞行,向右飞行
1685,向右下降飞行,向左上升飞行,平飞,向左下降飞行,向右飞行,向右下降飞行,向右飞行
1686,向右下降飞行,向左上升飞行,平飞,向左下降飞行,向右下降飞行,向右下降飞行,向右飞行
1687,向右下降飞行,向左上升飞行,平飞,向左下降飞行,向右下降飞行,向右下降飞行,向右飞行
1688,向右下降飞行,向左上升飞行,平飞,向左下降飞行,向右下降飞行,向右下降飞行,向右飞行
1689,向右下降飞行,向左上升飞行,向左下降飞行,向左下降飞行,向右下降飞行,向右下降飞行,向右飞行
1690,向右下降飞行,向左上升飞行,向左下降飞行,向左下降飞行,向右下降飞行,向右下降飞行,向右飞行
1691,上升飞行,向左上升飞行,向左下降飞行,向左下降飞行,向右下降飞行,向右下降飞行,向右飞行
1692,上升飞行,向左上升飞行,向左下降飞行,向左下降飞行,向右下降飞行,向右下降飞行,向右飞行
1693,上升飞行,向左上升飞行,向左下降飞行,向左下降飞行,向右下降飞行,向右下降飞行,向右飞行
1694,上升飞行,向左上升飞行,向左下降飞行,向左下降飞行,向右下降飞行,向右下降飞行,向右飞行
1695,上升飞行,向左上升飞行,向左下降飞行,向左下降飞行,向右下降飞行,向右下降飞行,向右飞行
1696,上升飞行,向左上升飞行,向左下降飞行,向左下降飞行,向右下降飞行,向右下降飞行,向右飞行
1697,上升飞行,向左上升飞行,向左下降飞行,向左下降飞行,向右下降飞行,向右下降飞行,向右飞行
1698,上升飞行,向左上升飞行,向左下降飞行,向左下降飞行,向右下降飞行,向右下降飞行,向右飞行
1699,上升飞行,向左上升飞行,向左下降飞行,向左下降飞行,向右下降飞行,向右飞行,向右飞行
1700,上升飞行,向左上升飞行,向左下降飞行,向右上升飞行,向右飞行,向右飞行,向右飞行
1701,上升飞行,向左上升飞行,向左下降飞行,向右上升飞行,向右飞行,向右飞行,向右飞行
1702,上升飞行,向右上升飞行,向左下降飞行,向右上升飞行,向右飞行,向右飞行,向右飞行
1703,上升飞行,向右上升飞行,向左下降飞行,向右上升飞行,向右飞行,向右飞行,向右飞行
1704,上升飞行,向右上升飞行,向左下降飞行,向右上升飞行,向右飞行,向右飞行,向右飞行
1705,上升飞行,向右上升飞行,向左下降飞行,向右上升飞行,向右飞行,向右飞行,向右飞行
1706,上升飞行,向右上升飞行,向左下降飞行,向右上升飞行,向右飞行,向右飞行,向右飞行
1707,上升飞行,向右上升飞行,向左下降飞行,向右上升飞行,向右飞行,向右飞行,向右飞行
1708,上升飞行,向右上升飞行,向左下降飞行,向右上升飞行,平飞,向右飞行,向右飞行
1709,上升飞行,向右上升飞行,向左下降飞行,向左下降飞行,平飞,向右飞行,向右飞行
1710,下降飞行,向右上升飞行,向左下降飞行,向左下降飞行,平飞,向右飞行,向右飞行
1711,下降飞行,向右上升飞行,向左下降飞行,向左下降飞行,平飞,向右飞行,向右飞行
1712,下降飞行,向右上升飞行,向左下降飞行,向左下降飞行,平飞,向右飞行,向右飞行
1713,下降飞行,向右上升飞行,向左下降飞行,向左下降飞行,平飞,向右飞行,向右飞行
1714,下降飞行,向右上升飞行,向左下降飞行,向左下降飞行,平飞,向右飞行,向右飞行
1715,下降飞行,向右上升飞行,向左下降飞行,向左下降飞行,平飞,向右飞行,向右飞行
1716,向右下降飞行,向右上升飞行,向左下降飞行,向左下降飞行,平飞,向右上升飞行,向右飞行
1717,向右下降飞行,向右上升飞行,向左下降飞行,向左下降飞行,平飞,向右上升飞行,向右飞行
1718,向右下降飞行,向右上升飞行,向左下降飞行,向左下降飞行,平飞,向右上升飞行,向右飞行
1719,向右下降飞行,向右上升飞行,向左下降飞行,向左下降飞行,平飞,向右上升飞行,向右飞行
1720,向左下降飞行,向右上升飞行,向左下降飞行,向左下降飞行,平飞,上升飞行,向右飞行
1721,向左下降飞行,向右上升飞行,向左下降飞行,向左下降飞行,平飞,上升飞行,向右飞行
1722,向左下降飞行,向右上升飞行,向左下降飞行,向左下降飞行,平飞,上升飞行,向右飞行
1723,向左下降飞行,向右上升飞行,向左下降飞行,向左下降飞行,平飞,上升飞行,向右飞行
1724,向左下降飞行,向右上升飞行,向左下降飞行,向左下降飞行,平飞,上升飞行,向右飞行
1725,向左下降飞行,向右上升飞行,向左下降飞行,向左下降飞行,平飞,上升飞行,向右飞行
1726,向左下降飞行,向右上升飞行,向左下降飞行,向左下降飞行,下降飞行,上升飞行,向右飞行
1727,向左下降飞行,向右上升飞行,向左下降飞行,向左下降飞行,下降飞行,上升飞行,向右飞行
1728,向左下降飞行,向右上升飞行,向左下降飞行,向左下降飞行,下降飞行,上升飞行,向右飞行
1729,向左下降飞行,向右上升飞行,向左下降飞行,向左下降飞行,下降飞行,上升飞行,向左飞行
1730,向左下降飞行,向右上升飞行,向左下降飞行,向左下降飞行,下降飞行,上升飞行,向左飞行
1731,向左下降飞行,向右上升飞行,向左下降飞行,向左上升飞行,下降飞行,上升飞行,向左飞行
1732,向左下降飞行,向右上升飞行,向左下降飞行,向左上升飞行,下降飞行,上升飞行,向左飞行
1733,向左下降飞行,向右上升飞行,向左下降飞行,向左上升飞行,下降飞行,上升飞行,向左飞行
1734,向左下降飞行,向右上升飞行,向右飞行,向左上升飞行,下降飞行,上升飞行,向左飞行
1735,向左下降飞行,向右上升飞行,向右飞行,向左上升飞行,下降飞行,上升飞行,向左飞行
1736,向左下降飞行,向右上升飞行,向右飞行,向左上升飞行,下降飞行,上升飞行,向左飞行
1737,向左下降飞行,向右下降飞行,向右飞行,向左上升飞行,下降飞行,上升飞行,向左飞行
1738,向左下降飞行,向右下降飞行,向右飞行,向左上升飞行,下降飞行,下降飞行,向左飞行
1739,向左下降飞行,向右下降飞行,向右飞行,向左上升飞行,下降飞行,下降飞行,向左飞行
1740,向左下降飞行,向右下降飞行,向右飞行,向左上升飞行,下降飞行,下降飞行,向左飞行
1741,向左下降飞行,向右下降飞行,向右飞行,向左上升飞行,下降飞行,下降飞行,向左飞行
1742,向左下降飞行,向右下降飞行,向右飞行,向左上升飞行,下降飞行,下降飞行,向左飞行
1743,向左下降飞行,向右下降飞行,向右飞行,向左上升飞行,平飞,下降飞行,向左飞行
1744,向左下降飞行,向右下降飞行,向右下降飞行,向左上升飞行,平飞,下降飞行,向左飞行
1745,向左下降飞行,向右下降飞行,向右下降飞行,向左上升飞行,平飞,下降飞行,向左飞行
1746,向左下降飞行,向右下降飞行,向右下降飞行,向左上升飞行,平飞,下降飞行,向左飞行
1747,向左下降飞行,向右下降飞行,向右下降飞行,向左上升飞行,平飞,下降飞行,向左飞行
1748,向左下降飞行,向右下降飞行,向右下降飞行,向左上升飞行,平飞,下降飞行,向左飞行
1749,向左下降飞行,向右下降飞行,向右下降飞行,向左上升飞行,平飞,下降飞行,向左飞行
1750,向左下降飞行,向右下降飞行,向右下降飞行,向左上升飞行,平飞,下降飞行,向左飞行
1751,向左下降飞行,向右下降飞行,向右下降飞行,向左下降飞行,下降飞行,下降飞行,向左飞行
1752,向左下降飞行,向右下降飞行,向右下降飞行,向左下降飞行,下降飞行,下降飞行,向左飞行
1753,向左下降飞行,向右下降飞行,向右下降飞行,向左下降飞行,下降飞行,下降飞行,向左飞行
1754,向左下降飞行,向右下降飞行,向右下降飞行,向左下降飞行,下降飞行,下降飞行,向左飞行
1755,向左下降飞行,向右下降飞行,向右下降飞行,向左下降飞行,下降飞行,下降飞行,向左飞行
1756,向左下降飞行,向右下降飞行,向右下降飞行,向左下降飞行,下降飞行,下降飞行,向左飞行
1757,向左下降飞行,向右下降飞行,向右下降飞行,向左下降飞行,下降飞行,下降飞行,向左飞行
1758,向左下降飞行,向右下降飞行,向右下降飞行,向左下降飞行,下降飞行,下降飞行,向左飞行
1759,向左下降飞行,向右下降飞行,向右下降飞行,向左下降飞行,下降飞行,下降飞行,向左飞行
1760,向左下降飞行,向右下降飞行,向右下降飞行,向左下降飞行,下降飞行,下降飞行,向左飞行
1761,向左下降飞行,向右下降飞行,向右下降飞行,向左下降飞行,下降飞行,下降飞行,向左飞行
1762,向左下降飞行,向右下降飞行,向右下降飞行,向左上升飞行,向左上升飞行,下降飞行,向左飞行
1763,向左下降飞行,向右下降飞行,向右下降飞行,向左上升飞行,向左上升飞行,下降飞行,向左飞行
1764,向左下降飞行,向右下降飞行,向右下降飞行,向左上升飞行,向左上升飞行,向左飞行,向左飞行
1765,向左下降飞行,向右下降飞行,向右下降飞行,向左上升飞行,向左上升飞行,向左飞行,向左飞行
1766,向左下降飞行,向右下降飞行,向右下降飞行,向左上升飞行,向左上升飞行,向左飞行,向左飞行
1767,向右飞行,向右下降飞行,向右下降飞行,向左上升飞行,向左上升飞行,向左飞行,向左飞行
1768,向右飞行,向右下降飞行,向右下降飞行,向左上升飞行,向左上升飞行,向左飞行,向左飞行
1769,向右飞行,向右下降飞行,向右下降飞行,向左上升飞行,向左上升飞行,向左飞行,向左飞行
1770,向右飞行,向右下降飞行,向右下降飞行,向左上升飞行,向左上升飞行,向左飞行,向左飞行
1771,向右飞行,向右下降飞行,向右下降飞行,向左上升飞行,向左上升飞行,向左飞行,向左飞行
1772,向右飞行,向右下降飞行,向右下降飞行,向左上升飞行,向左上升飞行,向左飞行,向左飞行
1773,向右飞行,向右下降飞行,向右下降飞行,向左上升飞行,向左上升飞行,向左飞行,向左飞行
1774,向右飞行,向右下降飞行,向右下降飞行,向左上升飞行,向左上升飞行,向左飞行,向左飞行
1775,向右飞行,向右下降飞行,向右下降飞行,向左上升飞行,向左上升飞行,向左飞行,向左飞行
1776,向右飞行,向右下降飞行,向右下降飞行,向左上升飞行,向左上升飞行,向左飞行,向左飞行
1777,向右飞行,向右下降飞行,向右下降飞行,向左上升飞行,向左上升飞行,向左飞行,向左飞行
1778,向右飞行,向右下降飞行,向右下降飞行,向左上升飞行,向左上升飞行,向左飞行,向左飞行
1779,向右飞行,向右下降飞行,向右下降飞行,向右上升飞行,向右下降飞行,向左飞行,向左飞行
1780,向右飞行,向右下降飞行,向右下降飞行,向右上升飞行,向右下降飞行,向左飞行,向左飞行
1781,向右飞行,向右下降飞行,向右下降飞行,向右上升飞行,向右下降飞行,向左飞行,向左飞行
1782,向右飞行,向右下降飞行,向右上升飞行,向右上升飞行,向右下降飞行,向左飞行,向左飞行
1783,向右飞行,向右下降飞行,向右上升飞行,向右下降飞行,向右下降飞行,向左飞行,向右飞行
1784,向右飞行,向右下降飞行,向右上升飞行,向右下降飞行,向右下降飞行,向左飞行,向右飞行
1785,向左下降飞行,向右下降飞行,向右上升飞行,向右下降飞行,向右下降飞行,向左飞行,向右飞行
1786,向左下降飞行,向右下降飞行,向右上升飞行,向右下降飞行,向右下降飞行,向左下降飞行,向右飞行
1787,向左下降飞行,向右下降飞行,向右上升飞行,向右下降飞行,向右下降飞行,向左下降飞行,向右飞行
1788,向左下降飞行,向右下降飞行,向右上升飞行,向右下降飞行,向右下降飞行,向左下降飞行,向右飞行
1789,向左下降飞行,向右下降飞行,向右上升飞行,向右下降飞行,向右下降飞行,向左下降飞行,向右飞行
1790,向左下降飞行,平飞,向左下降飞行,向右下降飞行,向右下降飞行,向左下降飞行,向右飞行
1791,向左下降飞行,平飞,向左下降飞行,向右下降飞行,向右下降飞行,向左下降飞行,向右飞行
1792,向左上升飞行,平飞,向左下降飞行,向右下降飞行,向右下降飞行,向左下降飞行,向右飞行
1793,向左上升飞行,平飞,向左下降飞行,向右下降飞行,向右下降飞行,向左下降飞行,向右飞行
1794,向左上升飞行,平飞,向左下降飞行,向右下降飞行,向右下降飞行,向左下降飞行,向右飞行
1795,向左上升飞行,平飞,向左下降飞行,向右下降飞行,向右下降飞行,向左下降飞行,向右飞行
1796,向左上升飞行,平飞,向左下降飞行,向右下降飞行,向右下降飞行,向左下降飞行,向右飞行
1797,向左上升飞行,平飞,向左下降飞行,向右下降飞行,向右上升飞行,向左下降飞行,向右飞行
1798,向左上升飞行,平飞,向左下降飞行,向右下降飞行,向右上升飞行,向左下降飞行,向右飞行
1799,向左上升飞行,平飞,向左下降飞行,向右下降飞行,向右上升飞行,向左下降飞行,向右飞行
1800,向左上升飞行,平飞,向左下降飞行,向右下降飞行,向右上升飞行,向左下降飞行,向右飞行
1801,向左上升飞行,平飞,向左下降飞行,向右下降飞行,向右上升飞行,向左下降飞行,向右飞行
1802,向左上升飞行,平飞,向左飞行,向左上升飞行,向右上升飞行,向左下降飞行,向右飞行
1803,向左上升飞行,平飞,向左飞行,向左上升飞行,向右上升飞行,向左下降飞行,向右飞行
1804,向左上升飞行,平飞,向左飞行,向左上升飞行,向右上升飞行,向左下降飞行,向右飞行
1805,向左上升飞行,平飞,向左飞行,向左上升飞行,向右上升飞行,向左下降飞行,向右飞行
1806,向左上升飞行,平飞,向左飞行,向左下降飞行,向右上升飞行,向左下降飞行,向右飞行
1807,向左上升飞行,平飞,向左飞行,向左下降飞行,向右上升飞行,向右下降飞行,向右飞行
1808,向左上升飞行,平飞,向左飞行,向左下降飞行,向右上升飞行,向右下降飞行,向右飞行
1809,向左上升飞行,平飞,向左飞行,向左下降飞行,向右上升飞行,向右下降飞行,平飞
1810,向左上升飞行,向右下降飞行,向左飞行,向左下降飞行,向右上升飞行,向右下降飞行,平飞
1811,向左上升飞行,向右下降飞行,向左飞行,向左上升飞行,向右上升飞行,向右下降飞行,平飞
1812,向左上升飞行,向右下降飞行,向左飞行,向左上升飞行,向右上升飞行,向右下降飞行,平飞
1813,向左上升飞行,向右下降飞行,向左飞行,向左上升飞行,向右上升飞行,向右下降飞行,平飞
1814,向左上升飞行,向右下降飞行,向左飞行,向左上升飞行,向右上升飞行,向右下降飞行,平飞
1815,向左上升飞行,向右下降飞行,向左飞行,向左上升飞行,向右上升飞行,向右下降飞行,平飞
1816,向左上升飞行,向右下降飞行,向左飞行,向左上升飞行,向右上升飞行,向右下降飞行,平飞
1817,向左上升飞行,向左下降飞行,向左飞行,向左上升飞行,向右上升飞行,向右下降飞行,平飞
1818,向左上升飞行,向左下降飞行,向左上升飞行,向左上升飞行,向右上升飞行,向右下降飞行,平飞
1819,向左上升飞行,向左下降飞行,向左上升飞行,向左上升飞行,向右上升飞行,向右下降飞行,平飞
1820,向左上升飞行,向左下降飞行,向左上升飞行,向左上升飞行,向右上升飞行,向右下降飞行,平飞
1821,向左上升飞行,向左下降飞行,向左上升飞行,向左上升飞行,向右上升飞行,向右下降飞行,平飞
1822,向左上升飞行,向左上升飞行,向左下降飞行,向左上升飞行,向右上升飞行,向右下降飞行,平飞
1823,向左上升飞行,向左上升飞行,向左下降飞行,向左上升飞行,向右上升飞行,向右下降飞行,平飞
1824,向左上升飞行,向左上升飞行,向左下降飞行,向左上升飞行,向右上升飞行,向右下降飞行,平飞
1825,向左上升飞行,向左上升飞行,向左下降飞行,向左上升飞行,向右上升飞行,向右下降飞行,平飞
1826,向左上升飞行,向左上升飞行,向左下降飞行,向左上升飞行,向右上升飞行,向右下降飞行,平飞
1827,向左上升飞行,向左上升飞行,向左下降飞行,向左上升飞行,向右上升飞行,向右下降飞行,平飞
1828,向左上升飞行,向左上升飞行,向左下降飞行,向左上升飞行,向右下降飞行,向右上升飞行,平飞
1829,向左上升飞行,向左上升飞行,向左下降飞行,向左上升飞行,向右下降飞行,向右上升飞行,平飞
1830,向左上升飞行,向左上升飞行,向左下降飞行,向左上升飞行,向右下降飞行,向右上升飞行,平飞
1831,向左上升飞行,向左上升飞行,向左下降飞行,向左上升飞行,向右下降飞行,向右上升飞行,平飞
1832,向左上升飞行,向左上升飞行,向左下降飞行,向左上升飞行,向右下降飞行,向左上升飞行,平飞
1833,向左上升飞行,向左上升飞行,向左下降飞行,向左上升飞行,向右下降飞行,向左上升飞行,平飞
1834,向左上升飞行,向左上升飞行,向左下降飞行,向左上升飞行,向右下降飞行,向左上升飞行,平飞
1835,向左上升飞行,向左上升飞行,向左下降飞行,向左上升飞行,向右下降飞行,向左上升飞行,平飞
1836,向左上升飞行,向左上升飞行,向左下降飞行,向左上升飞行,向右下降飞行,向左上升飞行,平飞
1837,向左上升飞行,向左上升飞行,向左下降飞行,向左上升飞行,向右下降飞行,向左上升飞行,平飞
1838,向左上升飞行,向左上升飞行,向左下降飞行,向左上升飞行,向右下降飞行,向右上升飞行,平飞
1839,向左上升飞行,向左上升飞行,向左下降飞行,向左上升飞行,向右下降飞行,向右上升飞行,平飞
1840,向左上升飞行,向左上升飞行,向右上升飞行,向左上升飞行,向右下降飞行,向右上升飞行,平飞
1841,向左上升飞行,向左上升飞行,向右上升飞行,向左上升飞行,向右下降飞行,向右上升飞行,平飞
1842,向左上升飞行,向左上升飞行,向右上升飞行,向左上升飞行,向右下降飞行,向右上升飞行,平飞
1843,向左上升飞行,向左上升飞行,向右上升飞行,向左上升飞行,向右下降飞行,向右上升飞行,平飞
1844,向左上升飞行,向左上升飞行,向右上升飞行,向左上升飞行,向右下降飞行,向左上升飞行,平飞
1845,向左上升飞行,向左上升飞行,向右上升飞行,向左上升飞行,向右飞行,向左上升飞行,平飞
1846,向左上升飞行,向左上升飞行,向左上升飞行,向左上升飞行,向右飞行,向左上升飞行,平飞
1847,向左上升飞行,向左上升飞行,向左上升飞行,向左上升飞行,向右飞行,向左上升飞行,平飞
1848,向左上升飞行,向左上升飞行,向左上升飞行,向左上升飞行,向右飞行,向左下降飞行,平飞
1849,向左上升飞行,向左上升飞行,向左上升飞行,向左上升飞行,向右飞行,向左下降飞行,平飞
1850,向左上升飞行,向左上升飞行,向左上升飞行,向右飞行,向右飞行,向左下降飞行,平飞
1851,向左上升飞行,向左上升飞行,向左上升飞行,向右飞行,向右飞行,向左下降飞行,平飞
1852,向左上升飞行,向左上升飞行,向左上升飞行,向右飞行,向右飞行,向左下降飞行,平飞
1853,向左上升飞行,向左上升飞行,向左上升飞行,向右飞行,向右飞行,向左下降飞行,平飞
1854,向左上升飞行,向左上升飞行,向左上升飞行,向右飞行,向右飞行,向左下降飞行,平飞
1855,向左上升飞行,向左上升飞行,向左下降飞行,向右飞行,向右飞行,向左下降飞行,平飞
1856,向左上升飞行,向左上升飞行,向左下降飞行,向右飞行,向右飞行,向左下降飞行,平飞
1857,向左上升飞行,向左上升飞行,向左下降飞行,向右飞行,向右飞行,向左下降飞行,平飞
1858,向左下降飞行,向左上升飞行,向左下降飞行,向右下降飞行,向右飞行,向左下降飞行,平飞
1859,向左下降飞行,向右上升飞行,向左下降飞行,向右下降飞行,向右飞行,向左下降飞行,平飞
1860,向左下降飞行,向右上升飞行,向左下降飞行,向右下降飞行,向右飞行,向左下降飞行,平飞
1861,向左下降飞行,向右上升飞行,向左下降飞行,向右下降飞行,向右飞行,向左下降飞行,平飞
1862,向左下降飞行,向右上升飞行,向左下降飞行,向右下降飞行,向右飞行,向左上升飞行,平飞
1863,向左上升飞行,向右上升飞行,向左下降飞行,向右下降飞行,向右下降飞行,向左上升飞行,平飞
1864,向左上升飞行,向右上升飞行,向左下降飞行,向右下降飞行,向右下降飞行,向左上升飞行,平飞
1865,向左上升飞行,向右上升飞行,向左下降飞行,向右下降飞行,向右下降飞行,向左上升飞行,平飞
1866,向左上升飞行,向右上升飞行,向左下降飞行,向右下降飞行,向右下降飞行,向左上升飞行,平飞
1867,向左上升飞行,向右飞行,向左下降飞行,向右下降飞行,向右下降飞行,向左上升飞行,平飞
1868,向左上升飞行,向右飞行,向左下降飞行,向右下降飞行,向右下降飞行,向左上升飞行,平飞
1869,向左上升飞行,向右飞行,向左下降飞行,向右下降飞行,向右下降飞行,向左上升飞行,平飞
1870,向左上升飞行,向右飞行,向左下降飞行,向右下降飞行,向右上升飞行,向左上升飞行,平飞
1871,向左上升飞行,向右飞行,向左下降飞行,向右下降飞行,向右上升飞行,向左上升飞行,平飞
1872,向左上升飞行,向右飞行,向左下降飞行,向右下降飞行,向右上升飞行,向左上升飞行,平飞
1873,向左上升飞行,向右飞行,向左下降飞行,向右下降飞行,向右上升飞行,向左上升飞行,平飞
1874,向左下降飞行,向右飞行,向左下降飞行,向右下降飞行,向右上升飞行,向左上升飞行,平飞
1875,向左下降飞行,向右飞行,向左下降飞行,向右下降飞行,向右上升飞行,向左上升飞行,平飞
1876,向左下降飞行,向右飞行,向左下降飞行,向右下降飞行,向右上升飞行,向右下降飞行,平飞
1877,向左下降飞行,向右飞行,向左下降飞行,向右下降飞行,向右上升飞行,向右下降飞行,平飞
1878,向左下降飞行,向右飞行,向左下降飞行,向右下降飞行,向右上升飞行,向右下降飞行,平飞
1879,向左下降飞行,向右飞行,向左下降飞行,向右下降飞行,向右上升飞行,向右下降飞行,平飞
1880,向左上升飞行,向右飞行,向左下降飞行,向右下降飞行,向右上升飞行,向右下降飞行,平飞
1881,向左上升飞行,向右飞行,向左下降飞行,向右下降飞行,向右上升飞行,向右下降飞行,平飞
1882,向左上升飞行,向右飞行,向左下降飞行,向右下降飞行,向右上升飞行,向右下降飞行,平飞
1883,向左上升飞行,向右飞行,向左下降飞行,向右下降飞行,向右下降飞行,向右下降飞行,平飞
1884,向左上升飞行,向右下降飞行,向左上升飞行,向右下降飞行,向右下降飞行,向右下降飞行,平飞
1885,向左上升飞行,向右下降飞行,向左上升飞行,向右下降飞行,向右下降飞行,向右下降飞行,平飞
1886,向左上升飞行,向右下降飞行,向左上升飞行,向右下降飞行,向右下降飞行,向右下降飞行,平飞
1887,向左上升飞行,向右下降飞行,向左上升飞行,向右下降飞行,向右下降飞行,向右下降飞行,平飞
1888,向左上升飞行,向右下降飞行,向左上升飞行,向右下降飞行,向右上升飞行,向右下降飞行,平飞
1889,向左上升飞行,向右下降飞行,向左上升飞行,向右下降飞行,向右上升飞行,向右上升飞行,平飞
1890,向左上升飞行,向右下降飞行,向左上升飞行,向右下降飞行,向右上升飞行,向右上升飞行,平飞
1891,向左上升飞行,向右下降飞行,向左上升飞行,向右下降飞行,向右上升飞行,向右上升飞行,平飞
1892,向左上升飞行,向右下降飞行,向左上升飞行,向右下降飞行,向右上升飞行,向右上升飞行,平飞
1893,向左上升飞行,向右下降飞行,向左上升飞行,向右下降飞行,向右上升飞行,向右上升飞行,平飞
1894,向左上升飞行,向右下降飞行,向左上升飞行,向右下降飞行,向右上升飞行,向右上升飞行,平飞
1895,向左上升飞行,向右下降飞行,向左上升飞行,向右下降飞行,向右上升飞行,向右上升飞行,平飞
1896,向左上升飞行,向右下降飞行,向左上升飞行,向右下降飞行,向右上升飞行,向右上升飞行,平飞
1897,向左上升飞行,向右下降飞行,向左上升飞行,向右下降飞行,向右上升飞行,向右上升飞行,平飞
1898,向左上升飞行,向右下降飞行,向左上升飞行,向右下降飞行,向右上升飞行,向右上升飞行,平飞
1899,向左上升飞行,向右下降飞行,向左上升飞行,向右下降飞行,向右上升飞行,向右上升飞行,平飞
1900,向左上升飞行,向右下降飞行,向左上升飞行,向右下降飞行,向右上升飞行,向右上升飞行,平飞
1901,向左上升飞行,向右下降飞行,向左上升飞行,向右上升飞行,向右上升飞行,向右上升飞行,平飞
1902,向左上升飞行,向右上升飞行,向左上升飞行,向右上升飞行,向右上升飞行,向右上升飞行,平飞
1903,向左上升飞行,向右上升飞行,向左上升飞行,向右上升飞行,向右上升飞行,向左下降飞行,平飞
1904,向左上升飞行,向右上升飞行,向左上升飞行,向右上升飞行,向右上升飞行,向左下降飞行,平飞
1905,向左上升飞行,向右上升飞行,向左上升飞行,向右上升飞行,向右上升飞行,向左下降飞行,平飞
1906,向左上升飞行,向右上升飞行,向左上升飞行,向右上升飞行,向右上升飞行,向左下降飞行,平飞
1907,向左上升飞行,向右上升飞行,向左上升飞行,向右上升飞行,向右上升飞行,向左下降飞行,平飞
1908,向左上升飞行,向右上升飞行,向左上升飞行,向右上升飞行,向右上升飞行,向左下降飞行,平飞
1909,向左上升飞行,向右上升飞行,向左上升飞行,向右上升飞行,向右上升飞行,向左下降飞行,平飞
1910,向左上升飞行,向右上升飞行,向左上升飞行,向右上升飞行,向右上升飞行,向左下降飞行,平飞
1911,向左上升飞行,向右上升飞行,向左上升飞行,向右上升飞行,向右上升飞行,向左下降飞行,平飞
1912,向左上升飞行,向右上升飞行,向左下降飞行,向右上升飞行,向右上升飞行,向左下降飞行,平飞
1913,向左上升飞行,向右上升飞行,向左下降飞行,向右上升飞行,向右上升飞行,向左下降飞行,平飞
1914,向左上升飞行,向右上升飞行,向左下降飞行,向右上升飞行,向右上升飞行,向左下降飞行,平飞
1915,向右飞行,向右上升飞行,向左下降飞行,向右上升飞行,向右上升飞行,向右下降飞行,平飞
1916,向右飞行,向右上升飞行,向左下降飞行,向右上升飞行,向右上升飞行,向右下降飞行,平飞
1917,向右飞行,向右上升飞行,向左下降飞行,向右上升飞行,向右上升飞行,向右下降飞行,平飞
1918,向右飞行,向右上升飞行,向左下降飞行,向右上升飞行,向右上升飞行,向右下降飞行,平飞
1919,向右飞行,向右上升飞行,向左下降飞行,向右上升飞行,向右上升飞行,向右下降飞行,平飞
1920,向右飞行,向右上升飞行,向左下降飞行,向右上升飞行,向右上升飞行,向右上升飞行,平飞
1921,向左上升飞行,向右上升飞行,向左下降飞行,向右上升飞行,向右飞行,向右上升飞行,平飞
1922,向左上升飞行,向右下降飞行,向左下降飞行,向右上升飞行,向右飞行,向右上升飞行,平飞
1923,向左上升飞行,向右下降飞行,向左下降飞行,向右上升飞行,向右飞行,向右上升飞行,平飞
1924,向左上升飞行,向右下降飞行,向左下降飞行,向右上升飞行,向右飞行,向右上升飞行,平飞
1925,向左上升飞行,向右下降飞行,向左下降飞行,向右上升飞行,向右飞行,向右上升飞行,平飞
1926,向左上升飞行,向右下降飞行,向左下降飞行,向右上升飞行,向右飞行,向右上升飞行,平飞
1927,向左下降飞行,向右下降飞行,向左下降飞行,向右上升飞行,向右飞行,向右上升飞行,平飞
1928,向左下降飞行,向右下降飞行,向左下降飞行,向右上升飞行,向右飞行,向右上升飞行,平飞
1929,向左下降飞行,向右下降飞行,向左下降飞行,向右上升飞行,向右下降飞行,向右上升飞行,平飞
1930,向左下降飞行,向右下降飞行,向左下降飞行,向右上升飞行,向右下降飞行,向右上升飞行,平飞
1931,向左下降飞行,向右下降飞行,向左下降飞行,向右上升飞行,向右下降飞行,向右上升飞行,平飞
1932,向左下降飞行,向右下降飞行,向左下降飞行,向右上升飞行,向右下降飞行,向右上升飞行,平飞
1933,向左下降飞行,向右下降飞行,向左下降飞行,向右上升飞行,向右下降飞行,向右上升飞行,平飞
1934,向左下降飞行,向右下降飞行,向左下降飞行,向右上升飞行,向右下降飞行,向右上升飞行,平飞
1935,向左下降飞行,向右下降飞行,向左下降飞行,向右上升飞行,向右上升飞行,向右上升飞行,平飞
1936,向左下降飞行,向右下降飞行,向左下降飞行,向右上升飞行,向右上升飞行,向右上升飞行,平飞
1937,向左下降飞行,向右下降飞行,向左下降飞行,向右上升飞行,向右上升飞行,向右下降飞行,平飞
1938,向左下降飞行,向右上升飞行,向左下降飞行,向右上升飞行,向右上升飞行,向右下降飞行,平飞
1939,向左下降飞行,向右上升飞行,向左下降飞行,向右上升飞行,向右上升飞行,向右下降飞行,平飞
1940,向左下降飞行,向右上升飞行,向左下降飞行,向右上升飞行,向右上升飞行,向右下降飞行,平飞
1941,向左下降飞行,向右上升飞行,向左下降飞行,向右上升飞行,向右上升飞行,向右下降飞行,平飞
1942,向左下降飞行,向右上升飞行,向左下降飞行,向右上升飞行,向右下降飞行,向右下降飞行,平飞
1943,向左下降飞行,向右上升飞行,向左上升飞行,向右上升飞行,向右下降飞行,向右下降飞行,平飞
1944,向左下降飞行,向右上升飞行,向左上升飞行,向右上升飞行,向右下降飞行,向左上升飞行,平飞
1945,向左下降飞行,向右上升飞行,向左上升飞行,向右上升飞行,向右下降飞行,向左上升飞行,平飞
1946,向左下降飞行,向右上升飞行,向左上升飞行,向右上升飞行,向右下降飞行,向左上升飞行,平飞
1947,向左下降飞行,向右下降飞行,向左上升飞行,向右上升飞行,向右下降飞行,向左上升飞行,平飞
1948,向左下降飞行,向右下降飞行,向左上升飞行,向右上升飞行,向右下降飞行,向左上升飞行,平飞
1949,向左下降飞行,向右下降飞行,向左上升飞行,向右上升飞行,向右下降飞行,向左上升飞行,平飞
1950,向左下降飞行,向右下降飞行,向左上升飞行,向右上升飞行,向右下降飞行,向左上升飞行,平飞
1951,向左下降飞行,向右下降飞行,向左上升飞行,向右上升飞行,向右下降飞行,向左上升飞行,平飞
1952,向左下降飞行,向右下降飞行,向左上升飞行,向右下降飞行,向右下降飞行,向左上升飞行,平飞
1953,向左下降飞行,向右下降飞行,向左上升飞行,向右下降飞行,向右下降飞行,向左上升飞行,平飞
1954,向左下降飞行,向右下降飞行,向左上升飞行,向右下降飞行,向右下降飞行,向左上升飞行,平飞
1955,向左下降飞行,向右下降飞行,向左上升飞行,向右下降飞行,向右下降飞行,向左上升飞行,平飞
1956,向左下降飞行,向右下降飞行,向左上升飞行,向右下降飞行,向右下降飞行,向左上升飞行,平飞
1957,向左下降飞行,向右下降飞行,向左上升飞行,向右下降飞行,向右下降飞行,向左上升飞行,平飞
1958,向左下降飞行,向右下降飞行,向左下降飞行,向右下降飞行,向右下降飞行,向左下降飞行,平飞
1959,向左下降飞行,向右下降飞行,向左下降飞行,向右上升飞行,向左下降飞行,向左下降飞行,平飞
1960,向左下降飞行,向右下降飞行,向左下降飞行,向右上升飞行,向左下降飞行,向左下降飞行,平飞
1961,向左下降飞行,向右下降飞行,向左下降飞行,向右上升飞行,向左下降飞行,向左下降飞行,平飞
1962,向左下降飞行,向右下降飞行,向左下降飞行,向右上升飞行,向左下降飞行,向左下降飞行,平飞
1963,向左下降飞行,向右下降飞行,向左下降飞行,向右上升飞行,向左上升飞行,向左下降飞行,平飞
1964,向左下降飞行,向右下降飞行,向左下降飞行,向右上升飞行,向左上升飞行,向左下降飞行,平飞
1965,向左下降飞行,向右下降飞行,向右上升飞行,向右上升飞行,向左上升飞行,向左下降飞行,平飞
1966,向左下降飞行,向右下降飞行,向右上升飞行,向右上升飞行,向左上升飞行,向左下降飞行,平飞
1967,向左下降飞行,向右下降飞行,向右上升飞行,向右上升飞行,向左上升飞行,向左下降飞行,平飞
1968,向左下降飞行,向右下降飞行,向右上升飞行,向右上升飞行,向左上升飞行,向左下降飞行,平飞
1969,向左下降飞行,向右下降飞行,向右上升飞行,向右上升飞行,向左上升飞行,向左下降飞行,平飞
1970,向左下降飞行,向右下降飞行,向右上升飞行,向右上升飞行,向左上升飞行,向左下降飞行,平飞
1971,向左下降飞行,向右下降飞行,向右上升飞行,向右下降飞行,向左上升飞行,向左下降飞行,平飞
1972,向左上升飞行,向右下降飞行,向右上升飞行,向右下降飞行,向左上升飞行,向左下降飞行,平飞
1973,向左上升飞行,向右下降飞行,向右上升飞行,向右下降飞行,向左上升飞行,向左下降飞行,平飞
1974,向左上升飞行,向右上升飞行,向右上升飞行,向右下降飞行,向左上升飞行,向左下降飞行,平飞
1975,向左上升飞行,向右上升飞行,向右下降飞行,向右下降飞行,向左上升飞行,向左下降飞行,平飞
1976,向左上升飞行,向右上升飞行,向右下降飞行,向右下降飞行,向左上升飞行,向左下降飞行,平飞
1977,向左上升飞行,向右上升飞行,向右下降飞行,向右下降飞行,向左上升飞行,向左下降飞行,平飞
1978,向左上升飞行,向右上升飞行,向右下降飞行,向右下降飞行,向左上升飞行,向左下降飞行,平飞
1979,向左上升飞行,向右上升飞行,向右下降飞行,向右下降飞行,向左上升飞行,向左下降飞行,平飞
1980,向左上升飞行,向右上升飞行,向右下降飞行,向右下降飞行,向左上升飞行,向左下降飞行,平飞
1981,向左上升飞行,向右上升飞行,向右下降飞行,向右下降飞行,向左上升飞行,向左下降飞行,平飞
1982,向左上升飞行,向右上升飞行,向右下降飞行,向右下降飞行,向左上升飞行,向左下降飞行,平飞
1983,向左上升飞行,向右上升飞行,向右下降飞行,向右下降飞行,向左上升飞行,向左下降飞行,平飞
1984,向左上升飞行,向右上升飞行,向右下降飞行,向右下降飞行,向左上升飞行,向左下降飞行,平飞
1985,向左上升飞行,向右上升飞行,向右上升飞行,向右下降飞行,向左上升飞行,向左下降飞行,平飞
1986,向左上升飞行,向右上升飞行,向右上升飞行,向右下降飞行,向左上升飞行,向左下降飞行,平飞
1987,向左上升飞行,向左上升飞行,向右上升飞行,向右下降飞行,向左上升飞行,向左下降飞行,平飞
1988,向左上升飞行,向左上升飞行,向右上升飞行,向右下降飞行,向左上升飞行,向左下降飞行,平飞
1989,向左上升飞行,向左上升飞行,向右上升飞行,向右下降飞行,向左上升飞行,向左下降飞行,平飞
1990,向左上升飞行,向左上升飞行,向右上升飞行,向右下降飞行,向左上升飞行,向左上升飞行,平飞
1991,向左上升飞行,向左上升飞行,向右上升飞行,向右下降飞行,向左上升飞行,向左上升飞行,平飞
1992,向左上升飞行,向左上升飞行,向右上升飞行,向右上升飞行,向左上升飞行,向左上升飞行,平飞
1993,向左上升飞行,向左上升飞行,向右上升飞行,向右上升飞行,向左上升飞行,向左上升飞行,平飞
1994,向左上升飞行,向左上升飞行,向右上升飞行,向右上升飞行,向左下降飞行,向左上升飞行,平飞
1995,向左上升飞行,向左上升飞行,向右上升飞行,向右上升飞行,向左下降飞行,向左上升飞行,平飞
1996,向左上升飞行,向左上升飞行,向右上升飞行,向右上升飞行,向左下降飞行,向左上升飞行,平飞
1997,向左上升飞行,向左上升飞行,向右上升飞行,向右上升飞行,向左下降飞行,向左上升飞行,平飞
1998,向左上升飞行,向左上升飞行,向左下降飞行,向右上升飞行,向左下降飞行,向左上升飞行,平飞
1999,向左上升飞行,向左上升飞行,向左下降飞行,向右上升飞行,向左下降飞行,向左上升飞行,平飞
2000,向左上升飞行,向左上升飞行,向左下降飞行,向右上升飞行,向左下降飞行,向左上升飞行,平飞
2001,向左上升飞行,向左上升飞行,向左下降飞行,向右上升飞行,向左下降飞行,向左上升飞行,平飞
2002,向左上升飞行,向左上升飞行,向左下降飞行,向右上升飞行,向左下降飞行,向左上升飞行,平飞
2003,向左上升飞行,向右下降飞行,向左上升飞行,向左上升飞行,向左下降飞行,向左上升飞行,平飞
2004,向右下降飞行,向右下降飞行,向左上升飞行,向左上升飞行,向左下降飞行,向左上升飞行,平飞
2005,向右下降飞行,向右下降飞行,向左上升飞行,向左上升飞行,向左下降飞行,向左上升飞行,平飞
2006,向右下降飞行,向右下降飞行,向左上升飞行,向左上升飞行,向左下降飞行,向左上升飞行,平飞
2007,向右下降飞行,向右下降飞行,向左上升飞行,向左上升飞行,向左下降飞行,向左上升飞行,平飞
2008,向右下降飞行,向右下降飞行,向左上升飞行,向左上升飞行,向左下降飞行,向右上升飞行,平飞
2009,向右下降飞行,向右下降飞行,向左上升飞行,向左上升飞行,向左下降飞行,向右上升飞行,平飞
2010,向右下降飞行,向右下降飞行,向左上升飞行,向左上升飞行,向左下降飞行,向右上升飞行,平飞
2011,向右下降飞行,向右下降飞行,向左上升飞行,下降飞行,向左下降飞行,向右上升飞行,平飞
2012,向右下降飞行,向右下降飞行,向左上升飞行,下降飞行,向左下降飞行,向右上升飞行,平飞
2013,向右下降飞行,向右下降飞行,向左上升飞行,下降飞行,向左下降飞行,向右上升飞行,平飞
2014,向右下降飞行,向右下降飞行,向左上升飞行,下降飞行,向左下降飞行,向右上升飞行,平飞
2015,向右下降飞行,向右下降飞行,向左上升飞行,下降飞行,向左下降飞行,向右上升飞行,平飞
2016,向右下降飞行,向右下降飞行,向左上升飞行,下降飞行,向右上升飞行,向右上升飞行,平飞
2017,向右下降飞行,向右下降飞行,向左上升飞行,下降飞行,向右上升飞行,向右上升飞行,平飞
2018,向右下降飞行,向右下降飞行,向左上升飞行,下降飞行,向右上升飞行,向右上升飞行,平飞
2019,向右下降飞行,向右下降飞行,向左上升飞行,下降飞行,向右上升飞行,向右上升飞行,平飞
2020,向右下降飞行,向右下降飞行,向左上升飞行,下降飞行,向右上升飞行,向右上升飞行,平飞
2021,向右下降飞行,向右下降飞行,向左上升飞行,下降飞行,向右上升飞行,向右上升飞行,平飞
2022,向右下降飞行,向右下降飞行,向左上升飞行,下降飞行,向右上升飞行,向右上升飞行,平飞
2023,向右下降飞行,向右下降飞行,向左上升飞行,下降飞行,向右上升飞行,向右上升飞行,平飞
2024,向右下降飞行,向右下降飞行,向左上升飞行,下降飞行,向右上升飞行,向右上升飞行,平飞
2025,向右下降飞行,向右下降飞行,向左上升飞行,下降飞行,向右上升飞行,向右上升飞行,平飞
2026,向右下降飞行,向右下降飞行,向左上升飞行,下降飞行,向右上升飞行,向右上升飞行,平飞
2027,向右下降飞行,向右下降飞行,向左下降飞行,下降飞行,向右上升飞行,向右上升飞行,平飞
2028,向左下降飞行,向右下降飞行,向左下降飞行,下降飞行,向右上升飞行,向右上升飞行,平飞
2029,向左下降飞行,向右下降飞行,向左下降飞行,下降飞行,向右上升飞行,向右上升飞行,平飞
2030,向左下降飞行,向右下降飞行,向左下降飞行,下降飞行,向右上升飞行,向右上升飞行,平飞
2031,向左下降飞行,向右下降飞行,向左下降飞行,下降飞行,向右上升飞行,向右上升飞行,平飞
2032,向左下降飞行,向右下降飞行,向左下降飞行,下降飞行,向左飞行,向右下降飞行,平飞
2033,向左下降飞行,向右下降飞行,向左上升飞行,下降飞行,向左飞行,向右下降飞行,平飞
2034,向左下降飞行,向右下降飞行,向左上升飞行,下降飞行,向左飞行,向右下降飞行,平飞
2035,向左上升飞行,向右下降飞行,向左上升飞行,下降飞行,向左飞行,向右下降飞行,平飞
2036,向左上升飞行,向右下降飞行,向左上升飞行,下降飞行,向左飞行,向右下降飞行,平飞
2037,向左上升飞行,向右下降飞行,向左上升飞行,向右上升飞行,向左飞行,向右下降飞行,平飞
2038,向左上升飞行,向右下降飞行,向左上升飞行,向右上升飞行,向左飞行,向右下降飞行,平飞
2039,向左上升飞行,向右下降飞行,向左上升飞行,向右上升飞行,向左飞行,向右下降飞行,平飞
2040,向左上升飞行,向左下降飞行,向左上升飞行,向右上升飞行,向左飞行,向右下降飞行,平飞
2041,向左上升飞行,向左下降飞行,向左上升飞行,向右上升飞行,向左飞行,向右下降飞行,平飞
2042,向左上升飞行,向左下降飞行,向左上升飞行,向右上升飞行,向左飞行,向右下降飞行,平飞
2043,向左上升飞行,向左下降飞行,向左上升飞行,向右上升飞行,向左飞行,向右下降飞行,平飞
2044,向左上升飞行,向左下降飞行,向左上升飞行,向右上升飞行,向左飞行,向右下降飞行,平飞
2045,向左上升飞行,向左下降飞行,向左上升飞行,向右上升飞行,向左飞行,向右下降飞行,平飞
2046,向左上升飞行,向左下降飞行,向左上升飞行,向右上升飞行,向左飞行,向右下降飞行,平飞
2047,向左上升飞行,向左下降飞行,向左上升飞行,向右上升飞行,向左飞行,向右下降飞行,平飞
2048,向左上升飞行,向左下降飞行,上升飞行,向右上升飞行,向左飞行,向右下降飞行,平飞
2049,向左上升飞行,向左下降飞行,上升飞行,向右上升飞行,向左飞行,向右下降飞行,平飞
2050,向左上升飞行,向左下降飞行,上升飞行,向右上升飞行,向左飞行,向右下降飞行,平飞
2051,向左上升飞行,向左下降飞行,上升飞行,向右上升飞行,向左飞行,向右下降飞行,平飞
2052,向左上升飞行,向左下降飞行,向左下降飞行,向右上升飞行,向左飞行,向右下降飞行,平飞
2053,向左上升飞行,向左下降飞行,向左下降飞行,向右上升飞行,向左飞行,向右下降飞行,平飞
2054,向左上升飞行,向左下降飞行,向左下降飞行,向右上升飞行,向左飞行,向右下降飞行,平飞
2055,向左上升飞行,向左下降飞行,向左下降飞行,向右上升飞行,向左飞行,向右下降飞行,平飞
2056,向左下降飞行,向左下降飞行,向左下降飞行,向右上升飞行,向左飞行,向右下降飞行,平飞
2057,向左下降飞行,向左下降飞行,向左下降飞行,向右上升飞行,向左飞行,向右下降飞行,平飞
2058,向左下降飞行,向左下降飞行,向左下降飞行,向右上升飞行,向左飞行,向右下降飞行,平飞
2059,向左下降飞行,向左上升飞行,向左下降飞行,向右上升飞行,向左飞行,向右下降飞行,平飞
2060,向左下降飞行,向左上升飞行,向左下降飞行,向右上升飞行,向左飞行,向右下降飞行,平飞
2061,向左下降飞行,向左上升飞行,向左下降飞行,向右上升飞行,向左上升飞行,向右下降飞行,平飞
2062,向左上升飞行,向左上升飞行,向左下降飞行,向右上升飞行,向左上升飞行,向右下降飞行,平飞
2063,向左上升飞行,向左上升飞行,向左下降飞行,向右上升飞行,向左上升飞行,向右下降飞行,平飞
2064,向左上升飞行,向左上升飞行,向左下降飞行,向右上升飞行,向左上升飞行,向右下降飞行,平飞
2065,向左上升飞行,向左上升飞行,向左下降飞行,向右上升飞行,向左上升飞行,向右下降飞行,平飞
2066,向左上升飞行,向左上升飞行,向左下降飞行,向左上升飞行,向左上升飞行,向右下降飞行,平飞
2067,向左上升飞行,向左上升飞行,向左下降飞行,向左上升飞行,向左上升飞行,向右下降飞行,平飞
2068,向左上升飞行,向左上升飞行,向左下降飞行,向左上升飞行,向左上升飞行,向右下降飞行,平飞
2069,向左上升飞行,向左上升飞行,向左下降飞行,向左上升飞行,向左上升飞行,向右下降飞行,平飞
2070,向左上升飞行,向左上升飞行,向左下降飞行,向左上升飞行,向左上升飞行,向右下降飞行,平飞
2071,向左上升飞行,向左上升飞行,向左下降飞行,向左上升飞行,向左上升飞行,向右下降飞行,平飞
2072,向左上升飞行,向左上升飞行,向左下降飞行,向左上升飞行,向左下降飞行,向右下降飞行,平飞
2073,向左上升飞行,向左上升飞行,向左下降飞行,向左上升飞行,向左下降飞行,向右下降飞行,平飞
2074,向左上升飞行,向左上升飞行,向左下降飞行,向左上升飞行,向左下降飞行,向右下降飞行,平飞
2075,向左上升飞行,向左上升飞行,向左下降飞行,向左上升飞行,向左下降飞行,向右下降飞行,平飞
2076,向左上升飞行,向左上升飞行,向左下降飞行,向左上升飞行,向左下降飞行,向右下降飞行,平飞
2077,向左上升飞行,向左上升飞行,向左下降飞行,向左上升飞行,向左下降飞行,向右下降飞行,平飞
2078,向左上升飞行,向左上升飞行,向左下降飞行,向左上升飞行,向左下降飞行,向右下降飞行,平飞
2079,向左上升飞行,向左上升飞行,向左下降飞行,向左上升飞行,向左下降飞行,向右下降飞行,平飞
2080,向左上升飞行,向左上升飞行,向左下降飞行,向左上升飞行,向左下降飞行,向右下降飞行,平飞
2081,向左上升飞行,向左上升飞行,向左下降飞行,向左上升飞行,向左下降飞行,向右下降飞行,平飞
2082,向左上升飞行,向左上升飞行,向左下降飞行,向左上升飞行,向左下降飞行,向右下降飞行,平飞
2083,向左上升飞行,向左上升飞行,向左下降飞行,向左下降飞行,向左下降飞行,向右下降飞行,平飞
2084,向左上升飞行,向左上升飞行,向左下降飞行,向左下降飞行,向右上升飞行,向右下降飞行,平飞
2085,向左下降飞行,向左上升飞行,向左下降飞行,向左下降飞行,向右上升飞行,向右下降飞行,平飞
2086,向左下降飞行,向左上升飞行,向左下降飞行,向左下降飞行,向右上升飞行,向右下降飞行,平飞
2087,向左下降飞行,向左上升飞行,向左下降飞行,向左下降飞行,向右上升飞行,向右下降飞行,平飞
2088,向左下降飞行,向左上升飞行,向左上升飞行,向左下降飞行,向右上升飞行,向右下降飞行,平飞
2089,向左下降飞行,向左上升飞行,向左上升飞行,向左下降飞行,向右下降飞行,向右下降飞行,平飞
2090,向左下降飞行,向左上升飞行,向左上升飞行,向左下降飞行,向右下降飞行,向右下降飞行,平飞
2091,向左下降飞行,向左上升飞行,向左上升飞行,向左下降飞行,向右下降飞行,向右下降飞行,平飞
2092,向左下降飞行,向左上升飞行,向左上升飞行,向左下降飞行,向右下降飞行,向右下降飞行,平飞
2093,向左下降飞行,向左上升飞行,向左上升飞行,向左下降飞行,向右下降飞行,向右下降飞行,平飞
2094,向左下降飞行,向左上升飞行,向左上升飞行,向左下降飞行,向左下降飞行,向右下降飞行,平飞
2095,向左下降飞行,向左上升飞行,向左上升飞行,向左下降飞行,向左下降飞行,向右下降飞行,平飞
2096,向左下降飞行,向左上升飞行,向左上升飞行,向左下降飞行,向左下降飞行,向右下降飞行,平飞
2097,向左下降飞行,向左上升飞行,向左上升飞行,向左下降飞行,向左下降飞行,向右下降飞行,平飞
2098,向左下降飞行,下降飞行,向左上升飞行,向左下降飞行,向左下降飞行,向左上升飞行,平飞
2099,向左下降飞行,下降飞行,向左上升飞行,向左下降飞行,向左下降飞行,向左上升飞行,平飞
2100,向左下降飞行,下降飞行,向左上升飞行,向左下降飞行,向左下降飞行,向左上升飞行,平飞
2101,向左下降飞行,下降飞行,向左上升飞行,向左下降飞行,向左下降飞行,向左上升飞行,平飞
2102,向左下降飞行,向左上升飞行,向左上升飞行,向左下降飞行,向左下降飞行,向左上升飞行,平飞
2103,向左下降飞行,向左上升飞行,向左上升飞行,向左下降飞行,向右下降飞行,向左上升飞行,平飞
2104,向左下降飞行,向左上升飞行,向左上升飞行,向左下降飞行,向右下降飞行,向左上升飞行,平飞
2105,向左下降飞行,向左上升飞行,向左上升飞行,向左下降飞行,向右下降飞行,向左上升飞行,平飞
2106,向左下降飞行,向左上升飞行,向左上升飞行,向左下降飞行,向右下降飞行,向左上升飞行,平飞
2107,向左下降飞行,向左下降飞行,向左上升飞行,向左下降飞行,向右下降飞行,向左上升飞行,平飞
2108,向左下降飞行,向左下降飞行,向左上升飞行,向左下降飞行,向右下降飞行,向左上升飞行,平飞
2109,向左下降飞行,向左下降飞行,向右上升飞行,向左下降飞行,向右下降飞行,向左上升飞行,平飞
2110,向左下降飞行,向左下降飞行,向右上升飞行,向左下降飞行,向右上升飞行,向左上升飞行,平飞
2111,向左下降飞行,向左下降飞行,向右上升飞行,向左下降飞行,向右上升飞行,向左上升飞行,平飞
2112,向左下降飞行,向左下降飞行,向右上升飞行,向左下降飞行,向右上升飞行,向左上升飞行,平飞
2113,向左下降飞行,向左下降飞行,向右上升飞行,向左下降飞行,向右上升飞行,向左上升飞行,平飞
2114,向左飞行,向左下降飞行,向右上升飞行,向左下降飞行,向左上升飞行,向左上升飞行,平飞
2115,向左飞行,向左下降飞行,向右上升飞行,向左下降飞行,向左上升飞行,向左上升飞行,平飞
2116,向左飞行,向左下降飞行,向右上升飞行,向左下降飞行,向左上升飞行,向左上升飞行,平飞
2117,向左飞行,向左下降飞行,向左下降飞行,向右下降飞行,向左上升飞行,向左下降飞行,平飞
2118,向左飞行,向左下降飞行,向左下降飞行,向右下降飞行,向左上升飞行,向左下降飞行,平飞
2119,向左飞行,向左下降飞行,向左下降飞行,向右下降飞行,向左上升飞行,向左下降飞行,平飞
2120,向左飞行,向左下降飞行,向左下降飞行,向右下降飞行,向右上升飞行,向左下降飞行,平飞
2121,向左飞行,向左下降飞行,向左下降飞行,向右下降飞行,向右上升飞行,向左下降飞行,平飞
2122,向左飞行,向左下降飞行,向左下降飞行,向右下降飞行,向右上升飞行,向左下降飞行,平飞
2123,向左飞行,向左下降飞行,向左下降飞行,向右下降飞行,向右上升飞行,向左下降飞行,平飞
2124,向左飞行,向左下降飞行,向左上升飞行,向右下降飞行,向右上升飞行,向左下降飞行,平飞
2125,向左飞行,向左下降飞行,向左上升飞行,向右下降飞行,向右上升飞行,向左下降飞行,平飞
2126,向左飞行,向左下降飞行,向左上升飞行,向右下降飞行,向右上升飞行,向左下降飞行,平飞
2127,向左飞行,向左下降飞行,向左上升飞行,向右下降飞行,向右上升飞行,向左下降飞行,平飞
2128,向左飞行,向左下降飞行,向左上升飞行,向右下降飞行,向右上升飞行,向左下降飞行,平飞
2129,向左飞行,向左下降飞行,向左上升飞行,向右下降飞行,向右上升飞行,向左下降飞行,平飞
2130,向左飞行,向左下降飞行,向左上升飞行,向右下降飞行,向右上升飞行,向左下降飞行,平飞
2131,向左飞行,向左下降飞行,向左下降飞行,向右下降飞行,向右下降飞行,向左下降飞行,平飞
2132,向左飞行,下降飞行,向左下降飞行,向右下降飞行,向右下降飞行,向左下降飞行,平飞
2133,向左飞行,下降飞行,向左下降飞行,向右下降飞行,向右下降飞行,向左下降飞行,平飞
2134,向左上升飞行,下降飞行,向左下降飞行,向右下降飞行,向右下降飞行,向左下降飞行,平飞
2135,向左上升飞行,下降飞行,向左下降飞行,向右下降飞行,向右下降飞行,向左下降飞行,平飞
2136,向左上升飞行,下降飞行,向左下降飞行,向右下降飞行,向右下降飞行,向左下降飞行,平飞
2137,向左上升飞行,向左下降飞行,向左下降飞行,向右下降飞行,向右下降飞行,向左下降飞行,平飞
2138,向左上升飞行,向左下降飞行,向左下降飞行,向右下降飞行,向右下降飞行,向左下降飞行,平飞
2139,向左上升飞行,向左下降飞行,向左下降飞行,向右下降飞行,向右下降飞行,向左下降飞行,平飞
2140,向左上升飞行,向左下降飞行,向左下降飞行,向右下降飞行,向右下降飞行,向右下降飞行,平飞
2141,向左上升飞行,向左下降飞行,向左下降飞行,向右下降飞行,向右下降飞行,向右下降飞行,平飞
2142,向左上升飞行,向左下降飞行,向左下降飞行,向右下降飞行,向右上升飞行,向右下降飞行,平飞
2143,向左上升飞行,向左下降飞行,向左下降飞行,向右下降飞行,向右上升飞行,向右下降飞行,平飞
2144,向左上升飞行,向左上升飞行,向左下降飞行,向右下降飞行,向右上升飞行,向右下降飞行,平飞
2145,向左上升飞行,向左上升飞行,向左下降飞行,向右下降飞行,向右上升飞行,向右下降飞行,平飞
2146,向左上升飞行,向左上升飞行,向左下降飞行,向右下降飞行,向右上升飞行,向右上升飞行,平飞
2147,向左上升飞行,向左上升飞行,向左下降飞行,向右下降飞行,向右上升飞行,向右上升飞行,平飞
2148,向左上升飞行,向左上升飞行,向左下降飞行,向右下降飞行,向右上升飞行,向右上升飞行,平飞
2149,向左上升飞行,向左上升飞行,向左下降飞行,向右下降飞行,向右上升飞行,向右上升飞行,平飞
2150,向左上升飞行,向左上升飞行,向左下降飞行,向右下降飞行,向右上升飞行,向右上升飞行,平飞
2151,向右下降飞行,向左上升飞行,向左下降飞行,向右下降飞行,向右上升飞行,向右上升飞行,平飞
2152,向右下降飞行,向左上升飞行,向左下降飞行,向右下降飞行,向右上升飞行,向右下降飞行,平飞
2153,向右下降飞行,向左上升飞行,向左下降飞行,向右下降飞行,向右上升飞行,向右下降飞行,平飞
2154,向右下降飞行,向左上升飞行,向左下降飞行,向右下降飞行,向右上升飞行,向右下降飞行,平飞
2155,向右下降飞行,向左上升飞行,向左下降飞行,向右下降飞行,向右上升飞行,向右下降飞行,平飞
2156,向右下降飞行,向左上升飞行,向左下降飞行,向右下降飞行,向右上升飞行,向右上升飞行,平飞
2157,向右下降飞行,向左上升飞行,向左下降飞行,向右下降飞行,向右上升飞行,向右上升飞行,平飞
2158,向右下降飞行,向左上升飞行,向左下降飞行,向右下降飞行,向右上升飞行,向右上升飞行,平飞
2159,向右下降飞行,向左上升飞行,向左下降飞行,向右下降飞行,向右上升飞行,向右上升飞行,平飞
2160,向右下降飞行,向左上升飞行,向左下降飞行,向右下降飞行,向右上升飞行,向右上升飞行,平飞
2161,向右下降飞行,向左上升飞行,向左下降飞行,向右下降飞行,向右上升飞行,向右上升飞行,平飞
2162,向右下降飞行,向左上升飞行,向左下降飞行,向右下降飞行,向右上升飞行,向右上升飞行,平飞
2163,向右下降飞行,向左上升飞行,向左下降飞行,向右下降飞行,向右上升飞行,向右上升飞行,平飞
2164,向右下降飞行,向左上升飞行,向左下降飞行,向右下降飞行,向右上升飞行,向右上升飞行,平飞
2165,向右下降飞行,向右下降飞行,向左上升飞行,向右下降飞行,向右上升飞行,向右上升飞行,平飞
2166,向右下降飞行,向右下降飞行,向左上升飞行,向右下降飞行,向右下降飞行,向右上升飞行,平飞
2167,向右下降飞行,向右下降飞行,向左上升飞行,向右下降飞行,向右下降飞行,向右上升飞行,平飞
2168,向右下降飞行,向右下降飞行,向左上升飞行,向右下降飞行,向右下降飞行,向右上升飞行,平飞
2169,向右下降飞行,向右下降飞行,向左上升飞行,向右下降飞行,向右下降飞行,向右上升飞行,平飞
2170,向右下降飞行,向右下降飞行,向左上升飞行,向右下降飞行,向右下降飞行,向右上升飞行,平飞
2171,向右下降飞行,向右下降飞行,向左上升飞行,向右下降飞行,向右下降飞行,向右上升飞行,平飞
2172,向右下降飞行,向右下降飞行,向左上升飞行,向右下降飞行,向右下降飞行,向右上升飞行,平飞
2173,向右下降飞行,向右下降飞行,向左上升飞行,向右下降飞行,向右下降飞行,向右上升飞行,平飞
2174,向右下降飞行,向右下降飞行,向左上升飞行,向右下降飞行,向右下降飞行,向右上升飞行,平飞
2175,向右下降飞行,向右下降飞行,向左上升飞行,向右下降飞行,向右下降飞行,向右上升飞行,平飞
2176,向右下降飞行,向右下降飞行,向左上升飞行,向右下降飞行,向右下降飞行,向右上升飞行,平飞
2177,向右下降飞行,向右下降飞行,向右上升飞行,向右下降飞行,向右下降飞行,向左下降飞行,平飞
2178,向右下降飞行,向右下降飞行,向右上升飞行,向右下降飞行,向右下降飞行,向左下降飞行,平飞
2179,向右下降飞行,向右下降飞行,向右上升飞行,向右下降飞行,向右下降飞行,向左下降飞行,平飞
2180,向右下降飞行,向右下降飞行,向右上升飞行,向右下降飞行,向右下降飞行,向左下降飞行,平飞
2181,向右下降飞行,向右下降飞行,向右上升飞行,向右下降飞行,向右下降飞行,向左下降飞行,平飞
2182,向右下降飞行,向右下降飞行,向右上升飞行,向右下降飞行,向右下降飞行,向左下降飞行,平飞
2183,向右下降飞行,向右下降飞行,向右上升飞行,向右下降飞行,向右下降飞行,向左下降飞行,平飞
2184,向右下降飞行,向右下降飞行,向右上升飞行,向右下降飞行,向右下降飞行,向左下降飞行,平飞
2185,向右下降飞行,向右下降飞行,向右上升飞行,向右下降飞行,向左飞行,向右下降飞行,平飞
2186,向右下降飞行,向右下降飞行,向右上升飞行,向右下降飞行,向左飞行,向右下降飞行,平飞
2187,向右下降飞行,向右下降飞行,向右上升飞行,向右下降飞行,向左飞行,向右下降飞行,平飞
2188,向右下降飞行,向右下降飞行,向右上升飞行,向左下降飞行,向左飞行,向右下降飞行,平飞
2189,向右下降飞行,向右下降飞行,向右上升飞行,向左下降飞行,向左飞行,向右下降飞行,平飞
2190,向右下降飞行,向右下降飞行,向右上升飞行,向左下降飞行,向左飞行,向右下降飞行,平飞
2191,向右下降飞行,向右下降飞行,向右上升飞行,向左下降飞行,向左飞行,向右下降飞行,平飞
2192,向右下降飞行,向右下降飞行,向右上升飞行,向左下降飞行,向左飞行,向右下降飞行,平飞
2193,向右下降飞行,向右下降飞行,向右上升飞行,向左下降飞行,向左下降飞行,向右下降飞行,平飞
2194,向右下降飞行,向右下降飞行,向右上升飞行,向左下降飞行,向左下降飞行,向右上升飞行,平飞
2195,向右下降飞行,向右下降飞行,向右上升飞行,向左下降飞行,向左下降飞行,向右上升飞行,平飞
2196,向右下降飞行,向右下降飞行,向右上升飞行,向左下降飞行,向左下降飞行,向右上升飞行,平飞
2197,向右下降飞行,向右下降飞行,向右上升飞行,向左下降飞行,向左下降飞行,向右上升飞行,平飞
2198,向右下降飞行,向右下降飞行,向右上升飞行,向右下降飞行,向左下降飞行,向右上升飞行,平飞
2199,向右下降飞行,向右下降飞行,向右上升飞行,向右下降飞行,向左下降飞行,向右上升飞行,平飞
2200,向左下降飞行,向右下降飞行,向右上升飞行,向右下降飞行,向左下降飞行,向右上升飞行,平飞
2201,向左下降飞行,向右下降飞行,向右上升飞行,向右下降飞行,向右下降飞行,向右上升飞行,平飞
2202,向左下降飞行,向右下降飞行,向右上升飞行,向右下降飞行,向右下降飞行,向右上升飞行,平飞
2203,向左下降飞行,向右下降飞行,向右上升飞行,向右下降飞行,向右下降飞行,向右上升飞行,平飞
2204,向左上升飞行,向右下降飞行,向右上升飞行,向右下降飞行,向右下降飞行,向右上升飞行,平飞
2205,向左上升飞行,向右下降飞行,向右上升飞行,向右下降飞行,向右下降飞行,向右上升飞行,平飞
2206,向左上升飞行,向右下降飞行,向右上升飞行,向右下降飞行,向右下降飞行,向左下降飞行,平飞
2207,向左上升飞行,向右下降飞行,向右上升飞行,向右下降飞行,向右下降飞行,向左下降飞行,平飞
2208,向左上升飞行,向右下降飞行,向右上升飞行,向右下降飞行,向右下降飞行,向左下降飞行,平飞
2209,向左上升飞行,向右下降飞行,向右上升飞行,向右下降飞行,向右下降飞行,向左下降飞行,平飞
2210,向左上升飞行,向右下降飞行,向右上升飞行,向右下降飞行,向右上升飞行,向左下降飞行,平飞
2211,向左上升飞行,向右上升飞行,向右上升飞行,向右下降飞行,向右上升飞行,向左下降飞行,平飞
2212,向左上升飞行,向右上升飞行,向右上升飞行,向右下降飞行,向右上升飞行,向左下降飞行,平飞
2213,向左上升飞行,向右上升飞行,向右上升飞行,向右下降飞行,向右上升飞行,向左下降飞行,平飞
2214,向左上升飞行,向右上升飞行,向右上升飞行,向右下降飞行,向右上升飞行,向左下降飞行,平飞
2215,向左上升飞行,向右上升飞行,向右上升飞行,向右下降飞行,向右上升飞行,向左下降飞行,平飞
2216,向左上升飞行,向左上升飞行,向右上升飞行,向右下降飞行,向右上升飞行,向左下降飞行,平飞
2217,向左上升飞行,向左上升飞行,向右上升飞行,向右下降飞行,向右上升飞行,向左下降飞行,平飞
2218,向左上升飞行,向左上升飞行,向右上升飞行,向右下降飞行,向右上升飞行,向左上升飞行,平飞
2219,向左上升飞行,向左上升飞行,向右上升飞行,向右下降飞行,向右上升飞行,向左上升飞行,平飞
2220,向左上升飞行,向左上升飞行,向右上升飞行,向右下降飞行,向右上升飞行,向左上升飞行,平飞
2221,向左上升飞行,向左上升飞行,向右上升飞行,向右下降飞行,向右上升飞行,向左上升飞行,平飞
2222,向左上升飞行,向左上升飞行,向右上升飞行,向右下降飞行,向右上升飞行,向左上升飞行,平飞
2223,向左上升飞行,向左上升飞行,向右上升飞行,向右下降飞行,向右上升飞行,向左上升飞行,平飞
2224,向左上升飞行,向左上升飞行,向右上升飞行,向右下降飞行,向右上升飞行,向左上升飞行,平飞
2225,向左上升飞行,向左下降飞行,向右上升飞行,向右下降飞行,向右上升飞行,向左上升飞行,平飞
2226,向左上升飞行,向左下降飞行,向右上升飞行,向右下降飞行,向右上升飞行,向左上升飞行,平飞
2227,向左上升飞行,向左下降飞行,向右上升飞行,向右下降飞行,向左上升飞行,向左上升飞行,平飞
2228,向左上升飞行,向左下降飞行,向右上升飞行,向右下降飞行,向左上升飞行,向左上升飞行,平飞
2229,向左上升飞行,向左下降飞行,向左上升飞行,向右下降飞行,向左上升飞行,向左上升飞行,平飞
2230,向左上升飞行,向左下降飞行,向左上升飞行,向右下降飞行,向左上升飞行,向左上升飞行,平飞
2231,向左上升飞行,向左下降飞行,向左上升飞行,向右下降飞行,向左上升飞行,向左上升飞行,平飞
2232,向左上升飞行,向左下降飞行,向左上升飞行,向右下降飞行,向左上升飞行,向左上升飞行,平飞
2233,向左上升飞行,向左下降飞行,向左上升飞行,向右下降飞行,向左上升飞行,向左上升飞行,平飞
2234,向左上升飞行,向左下降飞行,向左上升飞行,向右下降飞行,向左上升飞行,向左上升飞行,平飞
2235,向左上升飞行,向左下降飞行,向左上升飞行,向右下降飞行,向左上升飞行,向左上升飞行,平飞
2236,向左上升飞行,向左下降飞行,向左上升飞行,向右下降飞行,向左上升飞行,向左上升飞行,平飞
2237,向左上升飞行,向左下降飞行,向左上升飞行,向右下降飞行,向左下降飞行,向左上升飞行,平飞
2238,向左上升飞行,向左下降飞行,向左上升飞行,向右下降飞行,向左下降飞行,向左上升飞行,平飞
2239,向左上升飞行,向左上升飞行,向左上升飞行,向右下降飞行,向左下降飞行,向左上升飞行,平飞
2240,向左上升飞行,向左上升飞行,向左上升飞行,向左下降飞行,向左下降飞行,向左上升飞行,平飞
2241,向左上升飞行,向左上升飞行,向左上升飞行,向左下降飞行,向左下降飞行,向左上升飞行,平飞
2242,向左上升飞行,向左上升飞行,向左上升飞行,向左下降飞行,向左下降飞行,向左上升飞行,平飞
2243,向左下降飞行,向左上升飞行,向左上升飞行,向左下降飞行,向左下降飞行,向左上升飞行,平飞
2244,向左下降飞行,向左上升飞行,向左上升飞行,向左下降飞行,向左下降飞行,向左上升飞行,平飞
2245,向左下降飞行,向右上升飞行,向左上升飞行,向左下降飞行,向左下降飞行,向左上升飞行,平飞
2246,向左下降飞行,向右上升飞行,向左上升飞行,向左下降飞行,向左下降飞行,向左下降飞行,平飞
2247,向左下降飞行,向右上升飞行,向左上升飞行,向左下降飞行,向右下降飞行,向左下降飞行,平飞
2248,向左下降飞行,向右上升飞行,向左上升飞行,向左下降飞行,向右下降飞行,向左下降飞行,平飞
2249,向左下降飞行,向右上升飞行,向左上升飞行,向左下降飞行,向右下降飞行,向左下降飞行,平飞
2250,向左下降飞行,向右上升飞行,向左上升飞行,向左下降飞行,向右下降飞行,向左下降飞行,平飞
2251,向左下降飞行,向右上升飞行,向左上升飞行,向左下降飞行,向右下降飞行,向左下降飞行,平飞
2252,向左下降飞行,向右上升飞行,向左上升飞行,向左下降飞行,向右下降飞行,向左上升飞行,平飞
2253,向左下降飞行,向右上升飞行,向左上升飞行,向左下降飞行,向右下降飞行,向左上升飞行,平飞
2254,向左下降飞行,向右上升飞行,向左下降飞行,向左下降飞行,向右下降飞行,向左上升飞行,平飞
2255,向左下降飞行,向右上升飞行,向左下降飞行,向左下降飞行,向右下降飞行,向左上升飞行,平飞
2256,向左下降飞行,向右上升飞行,向左下降飞行,向左下降飞行,向右下降飞行,向左上升飞行,平飞
2257,向左下降飞行,向右上升飞行,向左下降飞行,向左下降飞行,向右下降飞行,向左上升飞行,平飞
2258,向左下降飞行,向右上升飞行,向左下降飞行,向左下降飞行,向右下降飞行,向左上升飞行,平飞
2259,向左下降飞行,向右上升飞行,向左上升飞行,向左下降飞行,向右下降飞行,向左上升飞行,平飞
2260,向左下降飞行,向右上升飞行,向左下降飞行,向左下降飞行,向右下降飞行,向左上升飞行,平飞
2261,向左下降飞行,向右上升飞行,向右飞行,向左下降飞行,向右下降飞行,向左下降飞行,平飞
2262,向左下降飞行,向右上升飞行,静止,向左下降飞行,向右下降飞行,向左下降飞行,平飞
2263,向左下降飞行,向右上升飞行,静止,向左下降飞行,向右下降飞行,向左下降飞行,平飞
2264,向左下降飞行,上升飞行,静止,向左下降飞行,向左下降飞行,向左下降飞行,平飞
2265,向左下降飞行,上升飞行,静止,向右下降飞行,向左下降飞行,向左下降飞行,平飞
2266,向左下降飞行,上升飞行,静止,向右下降飞行,向左下降飞行,向左下降飞行,平飞
2267,向左下降飞行,上升飞行,静止,向右下降飞行,向左下降飞行,向左下降飞行,平飞
2268,向左下降飞行,上升飞行,静止,向右下降飞行,向左下降飞行,向左下降飞行,平飞
2269,向左下降飞行,上升飞行,静止,向右下降飞行,向左下降飞行,向右上升飞行,平飞
2270,向左下降飞行,上升飞行,静止,向右下降飞行,向左下降飞行,向右上升飞行,平飞
2271,向左下降飞行,上升飞行,静止,向右上升飞行,向左下降飞行,向右上升飞行,平飞
2272,向左下降飞行,上升飞行,静止,向右上升飞行,向左下降飞行,向右上升飞行,平飞
2273,向左下降飞行,上升飞行,静止,向右上升飞行,向左下降飞行,向右上升飞行,平飞
2274,向左下降飞行,上升飞行,静止,向右上升飞行,向左下降飞行,向右上升飞行,平飞
2275,向左下降飞行,上升飞行,静止,向右上升飞行,向左下降飞行,向右上升飞行,平飞
2276,向左下降飞行,上升飞行,静止,向右上升飞行,向左下降飞行,向右上升飞行,平飞
2277,向左下降飞行,上升飞行,静止,向右上升飞行,向左下降飞行,向右上升飞行,平飞
2278,向左下降飞行,上升飞行,静止,向右上升飞行,向左下降飞行,向右飞行,平飞
2279,向左下降飞行,上升飞行,静止,向右上升飞行,向右下降飞行,向右飞行,平飞
2280,向左下降飞行,上升飞行,静止,向右上升飞行,向右下降飞行,向右飞行,平飞
2281,向左下降飞行,上升飞行,静止,向右上升飞行,向右下降飞行,向右飞行,平飞
2282,向左下降飞行,上升飞行,静止,向右上升飞行,向右下降飞行,向右飞行,平飞
2283,向左下降飞行,上升飞行,静止,向右上升飞行,向右下降飞行,向右飞行,平飞
2284,向左下降飞行,上升飞行,静止,向右上升飞行,向右下降飞行,向右飞行,平飞
2285,向左下降飞行,上升飞行,静止,向右上升飞行,向右下降飞行,向左下降飞行,平飞
2286,向左下降飞行,上升飞行,静止,向右上升飞行,向右下降飞行,向左下降飞行,平飞
2287,向左下降飞行,上升飞行,静止,向右上升飞行,向右下降飞行,向左下降飞行,平飞
2288,向左下降飞行,上升飞行,静止,向右上升飞行,向右下降飞行,向左下降飞行,平飞
2289,向左下降飞行,上升飞行,静止,向右上升飞行,向右下降飞行,向左下降飞行,平飞
2290,向左下降飞行,上升飞行,静止,向右上升飞行,向右下降飞行,向左下降飞行,平飞
2291,向左下降飞行,上升飞行,静止,向右上升飞行,向右下降飞行,向左下降飞行,平飞
2292,向左下降飞行,上升飞行,静止,向右上升飞行,向右下降飞行,向左上升飞行,平飞
2293,向左下降飞行,上升飞行,静止,向右上升飞行,向右下降飞行,向左上升飞行,平飞
2294,向左下降飞行,上升飞行,静止,向右上升飞行,向右下降飞行,向左上升飞行,平飞
2295,向左下降飞行,上升飞行,静止,向右上升飞行,向右下降飞行,向左上升飞行,平飞
2296,向左下降飞行,上升飞行,静止,向右上升飞行,向右下降飞行,向左下降飞行,平飞
2297,向左下降飞行,上升飞行,静止,向右上升飞行,向右下降飞行,向左下降飞行,平飞
2298,向左下降飞行,向左上升飞行,静止,向右上升飞行,向右下降飞行,向左下降飞行,平飞
2299,向左下降飞行,向左上升飞行,静止,向右上升飞行,向右下降飞行,向左下降飞行,平飞
2300,向左下降飞行,向左上升飞行,静止,向右上升飞行,向右下降飞行,向左下降飞行,平飞
2301,向左下降飞行,向左上升飞行,静止,向右上升飞行,向右下降飞行,向左下降飞行,平飞
2302,向左下降飞行,向左上升飞行,静止,向右上升飞行,向右下降飞行,向左下降飞行,平飞
2303,向左下降飞行,向左上升飞行,静止,向右上升飞行,向左上升飞行,向左下降飞行,平飞
2304,向左下降飞行,向左上升飞行,静止,向右上升飞行,向左上升飞行,向左下降飞行,平飞
2305,向左下降飞行,向左上升飞行,静止,向右上升飞行,向左上升飞行,向左下降飞行,平飞
2306,向左下降飞行,向左上升飞行,静止,向左下降飞行,向左上升飞行,向左下降飞行,平飞
2307,向右下降飞行,向左上升飞行,静止,向左下降飞行,向左上升飞行,向右下降飞行,平飞
2308,向右下降飞行,向左上升飞行,静止,向左下降飞行,向左上升飞行,向右下降飞行,平飞
2309,向右下降飞行,向左上升飞行,静止,向左下降飞行,向左上升飞行,向右下降飞行,平飞
2310,向右下降飞行,向左上升飞行,静止,向左下降飞行,向左飞行,向右下降飞行,平飞
2311,向右下降飞行,向左上升飞行,静止,向左下降飞行,静止,向右下降飞行,平飞
2312,向右下降飞行,向左上升飞行,静止,向左下降飞行,静止,向右下降飞行,平飞
2313,向右下降飞行,向左上升飞行,静止,向右下降飞行,静止,向右下降飞行,平飞
2314,向右下降飞行,向左上升飞行,静止,向右下降飞行,静止,向右下降飞行,平飞
2315,向右下降飞行,向左上升飞行,静止,向右下降飞行,静止,向右下降飞行,平飞
2316,向右下降飞行,向左上升飞行,静止,向右下降飞行,静止,向右下降飞行,平飞
2317,向右下降飞行,向左上升飞行,静止,向右下降飞行,静止,向右下降飞行,平飞
2318,向右下降飞行,向左上升飞行,静止,向右下降飞行,静止,向右下降飞行,平飞
2319,向右下降飞行,向左上升飞行,静止,向右下降飞行,静止,向右下降飞行,平飞
2320,向右下降飞行,向左上升飞行,静止,向右下降飞行,静止,向右下降飞行,平飞
2321,向右下降飞行,向左上升飞行,静止,向右下降飞行,静止,向右下降飞行,平飞
2322,向右下降飞行,向左上升飞行,静止,向右下降飞行,静止,向右下降飞行,平飞
2323,向右下降飞行,向左上升飞行,静止,向右下降飞行,静止,向右下降飞行,平飞
2324,向右下降飞行,向左上升飞行,静止,向右下降飞行,静止,向右下降飞行,平飞
2325,向右下降飞行,向左上升飞行,静止,向右下降飞行,静止,向右下降飞行,平飞
2326,向右下降飞行,向左上升飞行,静止,向右下降飞行,静止,向右上升飞行,平飞
2327,向右下降飞行,向左上升飞行,静止,向右下降飞行,静止,向右上升飞行,平飞
2328,向右下降飞行,向左上升飞行,静止,向右下降飞行,静止,向右上升飞行,平飞
2329,向右下降飞行,向左上升飞行,静止,向右下降飞行,静止,向右上升飞行,平飞
2330,向右下降飞行,向左上升飞行,静止,向右下降飞行,静止,向右上升飞行,平飞
2331,向右下降飞行,向左上升飞行,静止,向右下降飞行,静止,向右上升飞行,平飞
2332,向右下降飞行,向左上升飞行,静止,向右下降飞行,静止,向右上升飞行,平飞
2333,向右下降飞行,向左上升飞行,静止,向右下降飞行,静止,向右上升飞行,平飞
2334,向右下降飞行,向左上升飞行,静止,向右下降飞行,静止,向右上升飞行,平飞
2335,向右下降飞行,向左上升飞行,静止,向右下降飞行,静止,向右上升飞行,平飞
2336,向右下降飞行,向左上升飞行,静止,向右下降飞行,静止,向左下降飞行,平飞
2337,向右下降飞行,向左上升飞行,静止,向右下降飞行,静止,向左下降飞行,平飞
2338,向右下降飞行,向左上升飞行,静止,向右下降飞行,静止,向左下降飞行,平飞
2339,向右下降飞行,向左上升飞行,静止,向右下降飞行,静止,向左下降飞行,平飞
2340,向右下降飞行,向左上升飞行,静止,向右下降飞行,静止,向左下降飞行,平飞
2341,向右下降飞行,向左上升飞行,静止,向右下降飞行,静止,向左下降飞行,平飞
2342,向右下降飞行,向左下降飞行,静止,向右下降飞行,静止,向左下降飞行,平飞
2343,向右下降飞行,向右飞行,静止,向右下降飞行,静止,向左下降飞行,平飞
2344,向右下降飞行,静止,静止,向右下降飞行,静止,向左下降飞行,平飞
2345,向右下降飞行,静止,静止,向右下降飞行,静止,向左上升飞行,平飞
2346,向右下降飞行,静止,静止,向右下降飞行,静止,向左上升飞行,平飞
2347,向右下降飞行,静止,静止,向右下降飞行,静止,向左上升飞行,平飞
2348,向右下降飞行,静止,静止,向右下降飞行,静止,向左上升飞行,平飞
2349,向右下降飞行,静止,静止,向右下降飞行,静止,向左上升飞行,平飞
2350,向右下降飞行,静止,静止,向右下降飞行,静止,向左上升飞行,平飞
2351,向右下降飞行,静止,静止,向右下降飞行,静止,向左上升飞行,平飞
2352,向右下降飞行,静止,静止,向右下降飞行,静止,向左上升飞行,平飞
2353,向右下降飞行,静止,静止,向右下降飞行,静止,向右下降飞行,平飞
2354,向右上升飞行,静止,静止,向右下降飞行,静止,向右下降飞行,平飞
2355,向右上升飞行,静止,静止,向右下降飞行,静止,向右下降飞行,平飞
2356,向右上升飞行,静止,静止,向右下降飞行,静止,向右下降飞行,平飞
2357,向右上升飞行,静止,静止,向右下降飞行,静止,向右下降飞行,平飞
2358,向右上升飞行,静止,静止,向右下降飞行,静止,向右下降飞行,平飞
2359,向右上升飞行,静止,静止,向右下降飞行,静止,向右下降飞行,平飞
2360,向右上升飞行,静止,静止,向右下降飞行,静止,向右下降飞行,平飞
2361,向右上升飞行,静止,静止,向右下降飞行,静止,向右下降飞行,平飞
2362,向右上升飞行,静止,静止,向右下降飞行,静止,向右下降飞行,平飞
2363,向右上升飞行,静止,静止,向右下降飞行,静止,向右下降飞行,平飞
2364,向右上升飞行,静止,静止,向右下降飞行,静止,向右下降飞行,平飞
2365,向右上升飞行,静止,静止,向右下降飞行,静止,向右下降飞行,平飞
2366,向右上升飞行,静止,静止,向右下降飞行,静止,向右下降飞行,平飞
2367,向右上升飞行,静止,静止,向右下降飞行,静止,向右下降飞行,平飞
2368,向右上升飞行,静止,静止,向右下降飞行,静止,向右下降飞行,平飞
2369,向右上升飞行,静止,静止,向右下降飞行,静止,向右下降飞行,平飞
2370,向右上升飞行,静止,静止,向右下降飞行,静止,向右下降飞行,平飞
2371,向右上升飞行,静止,静止,向右下降飞行,静止,向右下降飞行,平飞
2372,向右上升飞行,静止,静止,向右下降飞行,静止,向右下降飞行,平飞
2373,向右上升飞行,静止,静止,向右下降飞行,静止,向右下降飞行,平飞
2374,向右上升飞行,静止,静止,向右下降飞行,静止,向右下降飞行,平飞
2375,向右上升飞行,静止,静止,向右下降飞行,静止,向右下降飞行,平飞
2376,向右上升飞行,静止,静止,向右下降飞行,静止,向右下降飞行,平飞
2377,向右上升飞行,静止,静止,向右下降飞行,静止,向右下降飞行,平飞
2378,向右上升飞行,静止,静止,向右下降飞行,静止,向右下降飞行,平飞
2379,向右上升飞行,静止,静止,向右下降飞行,静止,向右下降飞行,平飞
2380,向右上升飞行,静止,静止,向右下降飞行,静止,向右下降飞行,平飞
2381,向右上升飞行,静止,静止,向右下降飞行,静止,向右下降飞行,平飞
2382,向右上升飞行,静止,静止,向右下降飞行,静止,向右下降飞行,平飞
2383,向右上升飞行,静止,静止,向右下降飞行,静止,向左下降飞行,平飞
2384,向左下降飞行,静止,静止,向右下降飞行,静止,向左下降飞行,平飞
2385,向左下降飞行,静止,静止,向右下降飞行,静止,向左下降飞行,平飞
2386,向左下降飞行,静止,静止,向右下降飞行,静止,向左下降飞行,平飞
2387,向左下降飞行,静止,静止,向右下降飞行,静止,向左下降飞行,平飞
2388,向左下降飞行,静止,静止,向右下降飞行,静止,向左下降飞行,平飞
2389,向左下降飞行,静止,静止,向右下降飞行,静止,向左下降飞行,平飞
2390,向左下降飞行,静止,静止,向右下降飞行,静止,向左下降飞行,平飞
2391,向左下降飞行,静止,静止,向右下降飞行,静止,向左下降飞行,平飞
2392,向左下降飞行,静止,静止,向右下降飞行,静止,向左下降飞行,平飞
2393,向左下降飞行,静止,静止,向右下降飞行,静止,向左下降飞行,平飞
2394,向左下降飞行,静止,静止,向右下降飞行,静止,向左下降飞行,平飞
2395,向左下降飞行,静止,静止,向右下降飞行,静止,向左下降飞行,平飞
2396,向左下降飞行,静止,静止,向右下降飞行,静止,向右下降飞行,平飞
2397,向左下降飞行,静止,静止,向右下降飞行,静止,向右下降飞行,平飞
2398,向左下降飞行,静止,静止,向右下降飞行,静止,向右下降飞行,平飞
2399,向左下降飞行,静止,静止,向右下降飞行,静止,向右下降飞行,平飞
2400,向左下降飞行,静止,静止,向右下降飞行,静止,向右下降飞行,平飞
2401,向左下降飞行,静止,静止,向右下降飞行,静止,向右下降飞行,平飞
2402,向左下降飞行,静止,静止,向右下降飞行,静止,向右下降飞行,平飞
2403,向左下降飞行,静止,静止,向右下降飞行,静止,向右下降飞行,平飞
2404,向左下降飞行,静止,静止,向右下降飞行,静止,向右下降飞行,平飞
2405,向左下降飞行,静止,静止,向右下降飞行,静止,向左上升飞行,平飞
2406,向左下降飞行,静止,静止,向右下降飞行,静止,向左上升飞行,平飞
2407,向左下降飞行,静止,静止,向右下降飞行,静止,向左飞行,平飞
2408,向左下降飞行,静止,静止,向右下降飞行,静止,静止,平飞
2409,向左下降飞行,静止,静止,向右下降飞行,静止,静止,平飞
2410,向左下降飞行,静止,静止,向右下降飞行,静止,静止,平飞
2411,向左下降飞行,静止,静止,向右下降飞行,静止,静止,平飞
2412,向左下降飞行,静止,静止,向右下降飞行,静止,静止,平飞
2413,向左下降飞行,静止,静止,向右下降飞行,静止,静止,平飞
2414,向左下降飞行,静止,静止,向右下降飞行,静止,静止,平飞
2415,向左下降飞行,静止,静止,向右下降飞行,静止,静止,平飞
2416,向左下降飞行,静止,静止,向右下降飞行,静止,静止,平飞
2417,向左下降飞行,静止,静止,向右下降飞行,静止,静止,平飞
2418,向左下降飞行,静止,静止,向右下降飞行,静止,静止,平飞
2419,向左下降飞行,静止,静止,向右下降飞行,静止,静止,平飞
2420,向左下降飞行,静止,静止,向右下降飞行,静止,静止,平飞
2421,向左下降飞行,静止,静止,向右下降飞行,静止,静止,平飞
2422,向左下降飞行,静止,静止,向右下降飞行,静止,静止,平飞
2423,向左下降飞行,静止,静止,向右下降飞行,静止,静止,平飞
2424,向左下降飞行,静止,静止,向右下降飞行,静止,静止,平飞
2425,向左下降飞行,静止,静止,向右下降飞行,静止,静止,平飞
2426,向左下降飞行,静止,静止,向右下降飞行,静止,静止,平飞
2427,向左下降飞行,静止,静止,向右下降飞行,静止,静止,平飞
2428,向左下降飞行,静止,静止,向右下降飞行,静止,静止,平飞
2429,向左下降飞行,静止,静止,向右下降飞行,静止,静止,平飞
2430,向左下降飞行,静止,静止,向右下降飞行,静止,静止,平飞
2431,向左下降飞行,静止,静止,向右下降飞行,静止,静止,平飞
2432,向左下降飞行,静止,静止,向右下降飞行,静止,静止,平飞
2433,向左下降飞行,静止,静止,向右下降飞行,静止,静止,平飞
2434,向左上升飞行,静止,静止,向右下降飞行,静止,静止,平飞
2435,向左上升飞行,静止,静止,向右下降飞行,静止,静止,平飞
2436,向左上升飞行,静止,静止,向右下降飞行,静止,静止,平飞
2437,向左上升飞行,静止,静止,向右上升飞行,静止,静止,平飞
2438,向左上升飞行,静止,静止,向右上升飞行,静止,静止,平飞
2439,向左上升飞行,静止,静止,向右上升飞行,静止,静止,平飞
2440,向左上升飞行,静止,静止,向右上升飞行,静止,静止,平飞
2441,向左上升飞行,静止,静止,向右上升飞行,静止,静止,平飞
2442,向左上升飞行,静止,静止,向右上升飞行,静止,静止,平飞
2443,向左上升飞行,静止,静止,向右上升飞行,静止,静止,平飞
2444,向左下降飞行,静止,静止,向右上升飞行,静止,静止,平飞
2445,向左下降飞行,静止,静止,向右上升飞行,静止,静止,平飞
2446,向左下降飞行,静止,静止,向右上升飞行,静止,静止,平飞
2447,向左下降飞行,静止,静止,向右上升飞行,静止,静止,平飞
2448,向左下降飞行,静止,静止,向右上升飞行,静止,静止,平飞
2449,向左下降飞行,静止,静止,向右上升飞行,静止,静止,平飞
2450,向左下降飞行,静止,静止,向右上升飞行,静止,静止,平飞
2451,向左下降飞行,静止,静止,向右上升飞行,静止,静止,平飞
2452,向左下降飞行,静止,静止,向右上升飞行,静止,静止,平飞
2453,向左下降飞行,静止,静止,向右上升飞行,静止,静止,平飞
2454,向左下降飞行,静止,静止,向右上升飞行,静止,静止,平飞
2455,向左下降飞行,静止,静止,向右上升飞行,静止,静止,平飞
2456,向左下降飞行,静止,静止,向右上升飞行,静止,静止,平飞
2457,向左下降飞行,静止,静止,向右上升飞行,静止,静止,平飞
2458,下降飞行,静止,静止,向右上升飞行,静止,静止,平飞
2459,下降飞行,静止,静止,向右上升飞行,静止,静止,平飞
2460,下降飞行,静止,静止,向右上升飞行,静止,静止,平飞
2461,下降飞行,静止,静止,向右上升飞行,静止,静止,平飞
2462,下降飞行,静止,静止,向右上升飞行,静止,静止,平飞
2463,下降飞行,静止,静止,向右上升飞行,静止,静止,平飞
2464,下降飞行,静止,静止,向右上升飞行,静止,静止,平飞
2465,下降飞行,静止,静止,向右上升飞行,静止,静止,平飞
2466,下降飞行,静止,静止,向右上升飞行,静止,静止,平飞
2467,下降飞行,静止,静止,向右上升飞行,静止,静止,平飞
2468,下降飞行,静止,静止,向右上升飞行,静止,静止,平飞
2469,下降飞行,静止,静止,向右上升飞行,静止,静止,平飞
2470,下降飞行,静止,静止,向右上升飞行,静止,静止,平飞
2471,下降飞行,静止,静止,向右上升飞行,静止,静止,平飞
2472,上升飞行,静止,静止,向右上升飞行,静止,静止,平飞
2473,上升飞行,静止,静止,向右上升飞行,静止,静止,平飞
2474,上升飞行,静止,静止,向右上升飞行,静止,静止,平飞
2475,上升飞行,静止,静止,向右上升飞行,静止,静止,平飞
2476,上升飞行,静止,静止,向右上升飞行,静止,静止,平飞
2477,上升飞行,静止,静止,向右上升飞行,静止,静止,平飞
2478,上升飞行,静止,静止,向右上升飞行,静止,静止,平飞
2479,上升飞行,静止,静止,向右上升飞行,静止,静止,平飞
2480,上升飞行,静止,静止,向右上升飞行,静止,静止,平飞
2481,上升飞行,静止,静止,向右上升飞行,静止,静止,平飞
2482,上升飞行,静止,静止,向右上升飞行,静止,静止,平飞
2483,上升飞行,静止,静止,向右上升飞行,静止,静止,平飞
2484,上升飞行,静止,静止,向右上升飞行,静止,静止,平飞
2485,上升飞行,静止,静止,向右上升飞行,静止,静止,平飞
2486,下降飞行,静止,静止,向右上升飞行,静止,静止,平飞
2487,下降飞行,静止,静止,向右上升飞行,静止,静止,平飞
2488,下降飞行,静止,静止,向右上升飞行,静止,静止,平飞
2489,下降飞行,静止,静止,向右上升飞行,静止,静止,平飞
2490,上升飞行,静止,静止,向右上升飞行,静止,静止,平飞
2491,上升飞行,静止,静止,向右上升飞行,静止,静止,平飞
2492,上升飞行,静止,静止,向右上升飞行,静止,静止,平飞
2493,上升飞行,静止,静止,向右上升飞行,静止,静止,平飞
2494,上升飞行,静止,静止,向右上升飞行,静止,静止,平飞
2495,上升飞行,静止,静止,向右上升飞行,静止,静止,平飞
2496,上升飞行,静止,静止,向右上升飞行,静止,静止,平飞
2497,上升飞行,静止,静止,向右上升飞行,静止,静止,平飞
2498,上升飞行,静止,静止,向右上升飞行,静止,静止,平飞
2499,上升飞行,静止,静止,向右上升飞行,静止,静止,平飞
2500,上升飞行,静止,静止,向右上升飞行,静止,静止,平飞
2501,上升飞行,静止,静止,向右上升飞行,静止,静止,平飞
2502,上升飞行,静止,静止,向右上升飞行,静止,静止,平飞
2503,平飞,静止,静止,向右上升飞行,静止,静止,平飞
2504,平飞,静止,静止,向右上升飞行,静止,静止,平飞
2505,平飞,静止,静止,向右上升飞行,静止,静止,平飞
2506,平飞,静止,静止,向右上升飞行,静止,静止,平飞
2507,平飞,静止,静止,向右上升飞行,静止,静止,平飞
2508,平飞,静止,静止,向左下降飞行,静止,静止,平飞
2509,平飞,静止,静止,向左下降飞行,静止,静止,平飞
2510,平飞,静止,静止,向左下降飞行,静止,静止,平飞
2511,向左下降飞行,静止,静止,向左下降飞行,静止,静止,平飞
2512,向左下降飞行,静止,静止,向左下降飞行,静止,静止,平飞
2513,向左下降飞行,静止,静止,向左下降飞行,静止,静止,平飞
2514,向左下降飞行,静止,静止,向左下降飞行,静止,静止,平飞
2515,向左下降飞行,静止,静止,向左上升飞行,静止,静止,平飞
2516,向左下降飞行,静止,静止,向左上升飞行,静止,静止,平飞
2517,向左下降飞行,静止,静止,向左上升飞行,静止,静止,平飞
2518,向左下降飞行,静止,静止,向左上升飞行,静止,静止,平飞
2519,向左下降飞行,静止,静止,向左下降飞行,静止,静止,平飞
2520,向左下降飞行,静止,静止,向左下降飞行,静止,静止,平飞
2521,向左下降飞行,静止,静止,向左下降飞行,静止,静止,平飞
2522,向左下降飞行,静止,静止,向左下降飞行,静止,静止,平飞
2523,向左下降飞行,静止,静止,向左下降飞行,静止,静止,平飞
2524,向左下降飞行,静止,静止,向左下降飞行,静止,静止,平飞
2525,向左上升飞行,静止,静止,向左下降飞行,静止,静止,平飞
2526,向左上升飞行,静止,静止,向左下降飞行,静止,静止,平飞
2527,向左上升飞行,静止,静止,向左下降飞行,静止,静止,平飞
2528,向左上升飞行,静止,静止,向左下降飞行,静止,静止,平飞
2529,向左上升飞行,静止,静止,向左下降飞行,静止,静止,平飞
2530,向左上升飞行,静止,静止,向左下降飞行,静止,静止,平飞
2531,向左上升飞行,静止,静止,向左下降飞行,静止,静止,平飞
2532,向左上升飞行,静止,静止,向左下降飞行,静止,静止,平飞
2533,向左上升飞行,静止,静止,向左下降飞行,静止,静止,平飞
2534,向左上升飞行,静止,静止,向左下降飞行,静止,静止,平飞
2535,向左上升飞行,静止,静止,向左下降飞行,静止,静止,平飞
2536,向左上升飞行,静止,静止,向左下降飞行,静止,静止,平飞
2537,向左上升飞行,静止,静止,上升飞行,静止,静止,平飞
2538,向左下降飞行,静止,静止,上升飞行,静止,静止,平飞
2539,向左下降飞行,静止,静止,上升飞行,静止,静止,平飞
2540,向左下降飞行,静止,静止,上升飞行,静止,静止,平飞
2541,向左下降飞行,静止,静止,上升飞行,静止,静止,平飞
2542,向左下降飞行,静止,静止,上升飞行,静止,静止,平飞
2543,向左下降飞行,静止,静止,上升飞行,静止,静止,平飞
2544,向左下降飞行,静止,静止,上升飞行,静止,静止,平飞
2545,向左下降飞行,静止,静止,上升飞行,静止,静止,平飞
2546,向左上升飞行,静止,静止,上升飞行,静止,静止,平飞
2547,向左上升飞行,静止,静止,上升飞行,静止,静止,平飞
2548,向左上升飞行,静止,静止,上升飞行,静止,静止,平飞
2549,向左上升飞行,静止,静止,上升飞行,静止,静止,平飞
2550,向左上升飞行,静止,静止,上升飞行,静止,静止,平飞
2551,向左上升飞行,静止,静止,上升飞行,静止,静止,平飞
2552,向左上升飞行,静止,静止,上升飞行,静止,静止,平飞
2553,向右上升飞行,静止,静止,向右飞行,静止,静止,平飞
2554,向右上升飞行,静止,静止,向右下降飞行,静止,静止,平飞
2555,向右飞行,静止,静止,向右飞行,静止,静止,平飞
